Feature ID	Feature Value	Attribute value de_DE
featurePRODFEAT11849	Ja	Reinigungsstation
featurePRODFEAT10757	Ja	elektronische Schnittstärkeneinstellung
featurePRODFEAT10517	Ja	Brötchenaufsatz
featurePRODFEAT11606	Ja	MMS Funktion
featurePRODFEAT11848	Ja	Reinigungsprogramm
featurePRODFEAT10516	Ja	Brösel-Sammelbehälter
featurePRODFEAT11605	Ja	MMS  (Bild- und Tonnachrichten)
featurePRODFEAT10753	Ja	Elektrische Bürste
featurePRODFEAT10755	Ja	Elektronische Programmzeitschrift (EPG)
featurePRODFEAT11844	Ja	Reinigungs- und Entkalkungsalarm
featurePRODFEAT10991	Ja	Geräteupdate über Internet
featurePRODFEAT10751	Ja	Elastik-ZickZack
featurePRODFEAT11840	Ja	regulierbarer Thermostat
featurePRODFEAT10750	Ja	Eiswürfelproduktion
featurePRODFEAT11839	Ja	regulierbarer Spüldruck
featurePRODFEAT10746	Ja	Einzelblatteinzug
featurePRODFEAT11835	Ja	Regenmengenanzeige
featurePRODFEAT10745	Ja	Eingebauter Blitz
featurePRODFEAT10747	Ja	Eiswürfelspender
featurePRODFEAT11836	Ja	Regenmesser
featurePRODFEAT10742	Ja	einstellbarer Bräunungsgrad
featurePRODFEAT10741	Ja	einstellbare Ziehzeit
featurePRODFEAT10983	Ja	Gegensprechfunktion
featurePRODFEAT11830	Ja	ReadyBoost
featurePRODFEAT10744	Ja	Einwegkamera
featurePRODFEAT11833	Ja	Realtone
featurePRODFEAT10501	Ja	Body Mass Index (BMI)
featurePRODFEAT10537	Ja	CD/DVD-Druckfunktion
featurePRODFEAT10778	Ja	entavio zertifiziert
featurePRODFEAT12957	Ja	Composite Videoeingang
featurePRODFEAT12712	Ja	Doppelseitig
featurePRODFEAT11624	Ja	MP3 Wiedergabe
featurePRODFEAT11866	Ja	Röhrenverstärker
featurePRODFEAT11623	Ja	MP3 Aufnahme
featurePRODFEAT11860	Ja	Restzeitanzeige
featurePRODFEAT10531	Ja	CAM-Modul
featurePRODFEAT10526	Ja	Bürstenwechsel-Anzeige
featurePRODFEAT11617	Ja	Motorantrieb
featurePRODFEAT11859	Ja	Restwärmeanzeige
featurePRODFEAT11858	Ja	Restkapazitätsanzeige
featurePRODFEAT12946	Ja	Bürstenkopf Halter
featurePRODFEAT11611	Ja	Momentschalter
featurePRODFEAT12702	Ja	CPU Ventilatorstecker
featurePRODFEAT11612	Ja	Mondphasen-Anzeige
featurePRODFEAT10760	Ja	E-Mail Funktion
featurePRODFEAT11647	Ja	Nachweckfunktion
featurePRODFEAT14914	Ja	Dampfgareinsatz
featurePRODFEAT13826	Ja	Aufspuhlautomatik
featurePRODFEAT14913	Ja	Dampfdruck Reinigung
featurePRODFEAT11886	Ja	Salzmangelanzeige
featurePRODFEAT11885	Ja	Saft- und Fettauffangbehälter
featurePRODFEAT14910	Ja	Bügelfunktion
featurePRODFEAT11645	Ja	Nachtaufnahme Funktion
featurePRODFEAT13822	Ja	ATA
featurePRODFEAT10551	Ja	Chip Card
featurePRODFEAT10793	Ja	Erweiterung für Alarmsystem
featurePRODFEAT10311	Ja	Aufheizkontrollleuchte
featurePRODFEAT10552	Ja	Chipkartenleser
featurePRODFEAT12727	Ja	Front Panel Audiostecker
featurePRODFEAT12969	Ja	Diavorführung
featurePRODFEAT11879	Ja	Rufnummernerkennung (CLIP)
featurePRODFEAT10786	Ja	Entsafterschaltung
featurePRODFEAT10785	Ja	Entsafter-Funktion
featurePRODFEAT10546	Ja	CD-Wechsler
featurePRODFEAT10545	Ja	CD-Textanzeige
featurePRODFEAT10787	Ja	ergonomische Form
featurePRODFEAT11876	Ja	Rückfragefunktion
featurePRODFEAT11870	Ja	rote Augen Korrektur
featurePRODFEAT11631	Ja	Multi Room fähig
featurePRODFEAT11873	Ja	Routenspeicher
featurePRODFEAT11428	Ja	Langhaarschneider
featurePRODFEAT11427	Ja	Längenverstellbare Aufsteckkämme
featurePRODFEAT14938	Ja	Elektronische Zündung
featurePRODFEAT12516	Ja	Zerkleinereraufsatz
featurePRODFEAT13847	Ja	CDMA Modem (Code Division Multiple Access)
featurePRODFEAT14936	Ja	Eingebautes Mikrofon
featurePRODFEAT12514	Ja	Zeitvorwahl
featurePRODFEAT13845	Ja	Blu-ray Double Layer
featurePRODFEAT11666	Ja	Netzbetrieb möglich
featurePRODFEAT10576	Ja	Dampffunktion
featurePRODFEAT14932	Ja	DVD-Brenner
featurePRODFEAT12510	Ja	Zeitanzeige
featurePRODFEAT10573	Ja	Dampfdruckkoch-Funktion
featurePRODFEAT10333	Ja	Auftaufunktion
featurePRODFEAT10575	Ja	Dampffixierung
featurePRODFEAT12750	Ja	Ladekontrollanzeige
featurePRODFEAT10571	Ja	Dampfbügelfunktion
featurePRODFEAT10570	Ja	Dampfbügeleisen enthalten
featurePRODFEAT12509	Ja	Zahnfleischmassage
featurePRODFEAT11659	Ja	Nass-/Trockensaugfunktion
featurePRODFEAT11416	Ja	Ladestation enthalten
featurePRODFEAT11418	Ja	Ladestation inklusive bei kabellos
featurePRODFEAT13837	Ja	Befeuchtungs-Funktion
featurePRODFEAT12503	Ja	WUSB
featurePRODFEAT10324	Ja	Aufnahmefunktion
featurePRODFEAT10568	Ja	DAB-Empfang
featurePRODFEAT13832	Ja	Auto-Tuning
featurePRODFEAT11414	Ja	Ladestandsanzeige
featurePRODFEAT11656	Ja	Nassbetrieb
featurePRODFEAT13833	Ja	Balance-Regelung
featurePRODFEAT14921	Ja	Distance-Control-System
featurePRODFEAT13830	Ja	Automatischer Kabeleinzug
featurePRODFEAT13831	Ja	Autoreverse
featurePRODFEAT11653	Ja	Nähfußdruck regelbar
featurePRODFEAT11890	Ja	Sauger-Desinfektion
featurePRODFEAT10918	Ja	Füllstandsanzeige
featurePRODFEAT15128	Ja	PVR-Funktion
featurePRODFEAT15368	Ja	BD-Live
featurePRODFEAT14035	Ja	Solar-Betrieb
featurePRODFEAT15365	Ja	Deep Colour
featurePRODFEAT15364	Ja	Schnellstart
featurePRODFEAT14034	Ja	Sky zertifiziert
featurePRODFEAT12090	Ja	Spülmaschinengeeignet
featurePRODFEAT10904	Ja	Fruchtfleisch-Anteil einstellbar
featurePRODFEAT10903	Ja	Frostwarnung
featurePRODFEAT10906	Ja	Full-HD 1080p
featurePRODFEAT15117	Ja	Notizbuchfunktion
featurePRODFEAT14029	Ja	Serial ATA
featurePRODFEAT14026	Ja	schwenkbar
featurePRODFEAT13179	Ja	Reinigungsbürste
featurePRODFEAT15115	Ja	Nachtsichtfunktion
featurePRODFEAT14024	Ja	Schnellbackfunktion
featurePRODFEAT15114	Ja	Nachrichtenzähler
featurePRODFEAT15356	Ja	Vibrationsalarm
featurePRODFEAT12088	Ja	spülmaschinenfeste Platten
featurePRODFEAT15355	Ja	Anzeige Uhrzeit
featurePRODFEAT15111	Ja	Mittelwertanzeige
featurePRODFEAT13176	Ja	Rechner
featurePRODFEAT15594	Ja	Faxfunktion
featurePRODFEAT12083	Ja	spritzwassergeschützt
featurePRODFEAT10935	Ja	Aromaspender
featurePRODFEAT10934	Ja	für Allergiker geeignet
featurePRODFEAT14059	Ja	Navteq Traffic (TMCpro)
featurePRODFEAT15149	Ja	Sicherheitsvorrichtung im Stand-by Modus
featurePRODFEAT15148	Ja	Sicherheitsventil zur Kindersicherung
featurePRODFEAT15147	Ja	Sicherheitsdruckventil
featurePRODFEAT14058	Ja	Tiefpassfilter
featurePRODFEAT15144	Ja	seperate Abtropfschalen
featurePRODFEAT14053	Ja	Subsonic Filter
featurePRODFEAT15385	Ja	UKW-Radio
featurePRODFEAT15384	Ja	MP3-Player
featurePRODFEAT15380	Ja	Geo-Tagging
featurePRODFEAT10920	Ja	funkgesteuerte Uhr
featurePRODFEAT15379	Ja	HD-Videoaufnahme
featurePRODFEAT13199	Ja	Sicherheitsklemmen
featurePRODFEAT15135	Ja	Scan-Funktion
featurePRODFEAT15132	Ja	Rückstauklappe
featurePRODFEAT15373	Ja	Einstellbare Augenmuschel
featurePRODFEAT10718	Ja	einfache Reinigung
featurePRODFEAT11807	Ja	Quiltstiche
featurePRODFEAT10713	Ja	Ein-/Ausschalter
featurePRODFEAT10957	Ja	Gar-Grad stufenlos einstellbar
featurePRODFEAT10951	Ja	für SCR Einkabel-Systeme geeignet
featurePRODFEAT11800	Ja	Push E-Mail
featurePRODFEAT10710	Ja	Effilier-Funktion (zum Ausdünnen der Haare)
featurePRODFEAT14079	Ja	Wechselbare Batterie/Akku
featurePRODFEAT15167	Ja	Stoßfest
featurePRODFEAT15166	Ja	Stickstoff-Druck-Füllung
featurePRODFEAT14078	Ja	Wasserdicht
featurePRODFEAT15164	Ja	Steakplatte
featurePRODFEAT14073	Ja	Variable Brotgrößen
featurePRODFEAT15163	Ja	Stativtauglichkeit
featurePRODFEAT15161	Ja	Spülmaschinenfest
featurePRODFEAT14070	Ja	Unwuchtkontrolle
featurePRODFEAT10706	Ja	Edelstahl-Heizschale
featurePRODFEAT10948	Ja	für Linkshänder geeignet
featurePRODFEAT10705	Ja	Edelstahlgehäuse
featurePRODFEAT10949	Ja	für Maschinenwäsche geeignet
featurePRODFEAT10702	Ja	Easy Clean System
featurePRODFEAT10944	Ja	für Handwäsche geeignet
featurePRODFEAT10943	Ja	für glutenfreies Brot geeignet
featurePRODFEAT14065	Ja	Ultra ATA
featurePRODFEAT14062	Ja	Türanschlag wechselbar
featurePRODFEAT14063	Ja	TV-Kabel Netzwerk
featurePRODFEAT14060	Ja	Trockengehschutz
featurePRODFEAT15392	Ja	HDMI
featurePRODFEAT14061	Ja	Trolley
featurePRODFEAT11827	Ja	Rauschunterdrückung
featurePRODFEAT11829	Ja	RDS (Radio Data System)
featurePRODFEAT10734	Ja	Einstellbare Brühtemperatur
featurePRODFEAT11820	Ja	Randlosdruck
featurePRODFEAT10733	Ja	Einseitiges Toasten
featurePRODFEAT10732	Ja	Einschub für Speichermodul
featurePRODFEAT15183	Ja	Thermometer
featurePRODFEAT15180	Ja	Telefonfunktion
featurePRODFEAT14090	Ja	Zwillingsnadel
featurePRODFEAT10728	Ja	Eingebauter Tuner
featurePRODFEAT12906	Ja	Audio/Videolinie Schutz
featurePRODFEAT11812	Ja	Radioempfang
featurePRODFEAT10722	Ja	eingebaute Abstandsmessung (Gerät zu Körper)
featurePRODFEAT15179	Ja	Tauwassertrocknung
featurePRODFEAT15178	Ja	Tastenverriegelung
featurePRODFEAT15177	Ja	Taschenrechner
featurePRODFEAT15176	Ja	Tagesuhranzeige
featurePRODFEAT15174	Ja	System erweiterbar
featurePRODFEAT14082	Ja	Weltempfänger
featurePRODFEAT14080	Ja	Wechselbarer Akku
featurePRODFEAT12019	Ja	Softeis-Funktion
featurePRODFEAT14437	Ja	Funktion ohne Schleudern
featurePRODFEAT12257	Ja	Turbotaste
featurePRODFEAT12016	Ja	SMS Funktion
featurePRODFEAT14434	Ja	FM-Transmitter
featurePRODFEAT14433	Ja	Filter Kontrollanzeige
featurePRODFEAT11168	Ja	inklusive Standfuß mit Rührschüssel
featurePRODFEAT14432	Ja	Faxvorschau
featurePRODFEAT11162	Ja	Waffeleisen
featurePRODFEAT14430	Ja	Faxen ohne PC
featurePRODFEAT12251	Ja	tropfwassergeschützt (für Betrieb im Badezimmer)
featurePRODFEAT10072	Ja	Favoritenliste (Ziele)
featurePRODFEAT14429	Ja	Fahrspurassistent
featurePRODFEAT12009	Ja	Single Side Band (SSB)
featurePRODFEAT14426	Ja	Enthärtungsanlage
featurePRODFEAT12007	Ja	SIM-Kartenleser
featurePRODFEAT12249	Ja	Tropfstopp
featurePRODFEAT13338	Ja	Aufladbarer Akku
featurePRODFEAT12004	Ja	Signalton bei Messende
featurePRODFEAT10067	Ja	Abwaschbar
featurePRODFEAT14424	Ja	Energy Star-zertifiziert
featurePRODFEAT11397	Ja	Kreuzungszoom
featurePRODFEAT12244	Ja	Trockenmassage
featurePRODFEAT11157	Ja	Sandwichplatten
featurePRODFEAT12003	Ja	Signalton bei Kochende
featurePRODFEAT12484	Ja	WLAN
featurePRODFEAT11393	Ja	Korkgriff
featurePRODFEAT11396	Ja	kratzfest
featurePRODFEAT12240	Ja	Transportrollen
featurePRODFEAT12482	Ja	Windschutz
featurePRODFEAT11153	Ja	inkl. Fernbedienung
featurePRODFEAT12483	Ja	Windmessung (Richtung und Stärke)
featurePRODFEAT11390	Ja	Kopfhöreranschluss
featurePRODFEAT13570	Ja	Lautstärkeregelung im Kabel
featurePRODFEAT11392	Ja	Kopierfunktion
featurePRODFEAT15308	Ja	Wandhalterung
featurePRODFEAT15304	Ja	Internetfähig
featurePRODFEAT12035	Ja	spannungsstabilisiert (für empfindliche Geräte)
featurePRODFEAT13124	Ja	Maus inklusive
featurePRODFEAT14456	Ja	Intelligente Routenplanung
featurePRODFEAT15303	Ja	DVB-S HD
featurePRODFEAT15302	Ja	DVB-C2
featurePRODFEAT11185	Ja	integr. Aufnahmebeleuchtung
featurePRODFEAT15301	Ja	DVB-T2
featurePRODFEAT12034	Ja	Spannungsanpassung (auf Reisen)
featurePRODFEAT12276	Ja	Überladungsschutz
featurePRODFEAT10098	Ja	Akustisches Abschaltsignal
featurePRODFEAT10097	Ja	akustisches Signal bei Backende
featurePRODFEAT12271	Ja	U3 Technologie
featurePRODFEAT10091	Ja	aktive Faxweiche
featurePRODFEAT11180	Ja	Innentemperaturmessung
featurePRODFEAT11183	Ja	integr. Anrufbeantworter
featurePRODFEAT14449	Ja	Hauptschalter
featurePRODFEAT13357	Ja	Autostopp
featurePRODFEAT11177	Ja	Innenraum-Kamera
featurePRODFEAT14446	Ja	Geschwindigkeitsassistent
featurePRODFEAT12267	Ja	Twin Tuner
featurePRODFEAT13114	Ja	MacKompatibilität
featurePRODFEAT13356	Ja	Autostart
featurePRODFEAT10085	Ja	Akkus im Gerät aufladbar
featurePRODFEAT11174	Ja	Innen-Luftfeuchtigkeit
featurePRODFEAT14441	Ja	Ganzkörpermassage
featurePRODFEAT13352	Ja	Automatische Abschaltung
featurePRODFEAT14440	Ja	Fußreflexzonenmassage
featurePRODFEAT11172	Ja	Innenbeleuchtung
featurePRODFEAT15329	Ja	USB-Recording
featurePRODFEAT15328	Ja	Num-Pad integriert
featurePRODFEAT15569	Ja	Freisprechen am Mobilteil
featurePRODFEAT15324	Ja	Integrierter CD-Player
featurePRODFEAT12295	Ja	umschaltbare Temperaturskala
featurePRODFEAT12296	Ja	Umschalter Lautsprecher / Headset
featurePRODFEAT14471	Ja	Koordinaten-Eingabe
featurePRODFEAT12294	Ja	Umluftventilation
featurePRODFEAT14470	Ja	Kontrollanzeige Behälter entleeren
featurePRODFEAT12291	Ja	Umluft
featurePRODFEAT14468	Ja	Knetmassage
featurePRODFEAT15557	Ja	Portable
featurePRODFEAT14467	Ja	Kensington Lock Vorrichtung
featurePRODFEAT15556	Ja	Blu-ray
featurePRODFEAT15555	Ja	Festplatte
featurePRODFEAT15312	Ja	Spritzschutz
featurePRODFEAT15554	Ja	SSD-Speicher
featurePRODFEAT11196	Ja	Integrierte Kamera
featurePRODFEAT11195	Ja	integrierte Kabelaufwicklung
featurePRODFEAT14463	Ja	Kaltwäsche
featurePRODFEAT12042	Ja	Speicherfunktion
featurePRODFEAT11192	Ja	integrierte Freisprechfunktion
featurePRODFEAT14460	Ja	Jetstrahlmassage
featurePRODFEAT11194	Ja	Integrierte Internet-Verbindung
featurePRODFEAT11190	Ja	integrierter Kartenleser
featurePRODFEAT12079	Ja	Sprachwahl
featurePRODFEAT13169	Ja	StromversorgungsLED
featurePRODFEAT12077	Ja	Sprachsteuerung (VOR)
featurePRODFEAT14013	Ja	PCMCIA
featurePRODFEAT12078	Ja	Sprachverarbeitung
featurePRODFEAT14497	Ja	Magnetfeldtherapie
featurePRODFEAT14014	Ja	Pochier-Tablett
featurePRODFEAT12076	Ja	Sprachsteuerung
featurePRODFEAT14012	Ja	PC Streaming
featurePRODFEAT12072	Ja	Sprachausgabe
featurePRODFEAT15337	Ja	Mengenautomatik
featurePRODFEAT12068	Ja	spielt Videos (Filme)
featurePRODFEAT13157	Ja	inklusive Netzteil
featurePRODFEAT14004	Ja	Near Field Communication
featurePRODFEAT12067	Ja	spielt MP3
featurePRODFEAT13395	Ja	CD-to-Tape Synchro Recording
featurePRODFEAT15573	Ja	LIVE-Verkehrsdienste
featurePRODFEAT13393	Ja	CD-R/CD-RW-kompatibel
featurePRODFEAT15330	Ja	DVB-S2
featurePRODFEAT15572	Ja	Anschluss für kabelgebundenes Headset
featurePRODFEAT13152	Ja	Multidictionary Search
featurePRODFEAT15571	Ja	Freisprechen über Bluetooth Headset
featurePRODFEAT15570	Ja	Freisprechen an der Basisstation
featurePRODFEAT12417	Ja	vorprogrammierbare Einschaltzeit
featurePRODFEAT13506	Ja	HDMI-Umschaltung
featurePRODFEAT13749	Ja	Webcam-Unterstützung
featurePRODFEAT13505	Ja	HDMI-Repeater
featurePRODFEAT11324	Ja	Kameraüberwachung
featurePRODFEAT11566	Ja	Memo-Funktion (für schnelle Sprachnotizen)
featurePRODFEAT12655	Ja	Installation inklusive?
featurePRODFEAT12656	Ja	Weiterführende Einrichtung / Konfiguration inklusive?
featurePRODFEAT13503	Ja	Handschrifterkennung
featurePRODFEAT12654	Ja	Einbau inklusive?
featurePRODFEAT12651	Ja	Exklusiv für bei uns gekaufte Produkte?
featurePRODFEAT13740	Ja	Variable Schlitzbreite
featurePRODFEAT12410	Ja	Vor- und Rückwärtslauf
featurePRODFEAT12652	Ja	Exklusiv für bei uns geführte Produkte?
featurePRODFEAT12409	Ja	Volumen-Aufsatz
featurePRODFEAT11317	Ja	Kaltzonen-Technik
featurePRODFEAT11319	Ja	Kamera mit Bewegungsmelder
featurePRODFEAT13738	Ja	Unterwasser-Verwendung
featurePRODFEAT11556	Ja	mechanische Tastensperre
featurePRODFEAT11313	Ja	Kalender/ Terminplaner-Funktion
featurePRODFEAT11316	Ja	Kaltwandisolierung (für sicherere Handhabung)
featurePRODFEAT12402	Ja	Voice Control (VOX)
featurePRODFEAT12644	Ja	Service anwendbar für Software/Musik/Film?
featurePRODFEAT10468	Ja	Touchscreen
featurePRODFEAT11315	Ja	Kaltstufe
featurePRODFEAT12642	Ja	Service anwendbar für Foto?
featurePRODFEAT13973	Ja	Magnetischer Deckelhalter
featurePRODFEAT12643	Ja	Service anwendbar für PC und Telekommunikation?
featurePRODFEAT12640	Ja	Service anwendbar für Unterhaltungselektronik?
featurePRODFEAT12641	Ja	Service anwendbar für Haushaltsgeräte?
featurePRODFEAT13972	Ja	Live-View Funktion
featurePRODFEAT10019	Ja	3-Chip-Technik
featurePRODFEAT14859	Ja	Auswurftaste
featurePRODFEAT11105	Ja	Hochpegeleingang
featurePRODFEAT10499	Ja	Blu-ray Laufwerk
featurePRODFEAT10018	Ja	360° Sockel
featurePRODFEAT11348	Ja	Keramikplatten
featurePRODFEAT13525	Ja	Integrierte Lautsprecher
featurePRODFEAT13522	Ja	HSUPA (High Speed Uplink Packet Access)
featurePRODFEAT14854	Ja	Aufbewahrung für Gasflasche
featurePRODFEAT10011	Ja	2 Tassen-Funktion
featurePRODFEAT11342	Ja	Kassettenlaufwerk
featurePRODFEAT11584	Ja	MHP (Multimedia Home Plattform)
featurePRODFEAT11587	Ja	MIDI Schnittstelle
featurePRODFEAT11102	Ja	Hochdruck-Dampf
featurePRODFEAT13521	Ja	HSDPA (High Speed Downlink Packet Access)
featurePRODFEAT13760	Ja	Wasserfest
featurePRODFEAT11583	Ja	Metallgehäuse
featurePRODFEAT13518	Ja	Hörerlokalisierer
featurePRODFEAT12426	Ja	wärmeisolierte Griffe
featurePRODFEAT10005	Ja	12V Anschluss
featurePRODFEAT11336	Ja	inklusive Karte für ORF-Digital
featurePRODFEAT10488	Ja	Blindstich
featurePRODFEAT12666	Ja	Möglichkeit zur Verrechnung des Servicepreises?
featurePRODFEAT10006	Ja	16:9 Breitbildaufnahme
featurePRODFEAT12425	Ja	Wandmontage möglich
featurePRODFEAT13514	Ja	High Speed Circuit Switched Data (HSCSD)
featurePRODFEAT13753	Ja	VoIP
featurePRODFEAT10485	Ja	Blaulicht-Wärmemassage
featurePRODFEAT10000	Ja	für Langzeitlagerung und Reifung
featurePRODFEAT10487	Ja	Blenden- und Belichtungszeit manuell einstellbar
featurePRODFEAT11576	Ja	Messerschleifer
featurePRODFEAT10002	Ja	0°C Frischkühlzone (für längere Haltbarkeit)
featurePRODFEAT12217	Ja	Tierbürste
featurePRODFEAT12218	Ja	Time Shift Funktion
featurePRODFEAT10279	Ja	Arena zertifiziert
featurePRODFEAT12457	Ja	Wechsel teilbelichteter Filme (APS)
featurePRODFEAT12216	Ja	Tiefkühlklinge
featurePRODFEAT14876	Ja	Bild-und-Text (PAT)
featurePRODFEAT14875	Ja	Bild-und-Bild (PAP)
featurePRODFEAT12698	Ja	Clear memory button
featurePRODFEAT11125	Ja	Hotel-Modus
featurePRODFEAT12211	Ja	THX-Zertifiziert
featurePRODFEAT13300	Ja	Anrufweiterleitung
featurePRODFEAT10035	Ja	Ablaufrinne für Saft und Fett
featurePRODFEAT11361	Ja	Knitterschutz
featurePRODFEAT13541	Ja	Kassettenlose Microchip-Technologie
featurePRODFEAT10274	Ja	Anzeige von Datum und Uhrzeit
featurePRODFEAT11121	Ja	Hörgerätegeeignet
featurePRODFEAT11363	Ja	Koch- und Warmhaltefunktion
featurePRODFEAT10031	Ja	WHO-Einstufung
featurePRODFEAT12690	Ja	bedruckbar
featurePRODFEAT11119	Ja	höhenverstellbarer Oberkorb
featurePRODFEAT12208	Ja	Thermostat
featurePRODFEAT12206	Ja	Thermogehäuse
featurePRODFEAT13779	Ja	Sleep Funktion (automatische Abschaltung)
featurePRODFEAT11116	Ja	Höhenverstellbare Scharniere
featurePRODFEAT11358	Ja	Klarsichtdeckel
featurePRODFEAT12449	Ja	Wasserauslaufschutz
featurePRODFEAT11115	Ja	höhenverstellbar
featurePRODFEAT11357	Ja	Klappgriff
featurePRODFEAT11118	Ja	Höhenverstellbarer Grillrost
featurePRODFEAT11359	Ja	Klarspülmangelanzeige
featurePRODFEAT12447	Ja	Wassermangel-Anzeige
featurePRODFEAT12444	Ja	Wasserfilter
featurePRODFEAT14863	Ja	Automatischer Thermoschutz
featurePRODFEAT10025	Ja	5.1 Dolby Digital Aufzeichnung
featurePRODFEAT14862	Ja	Automatische Helligkeitsanpassung
featurePRODFEAT10024	Ja	5.1 Decoder
featurePRODFEAT11355	Ja	Klappbar
featurePRODFEAT12201	Ja	Temperaturwerte-Speicher
featurePRODFEAT14861	Ja	Automatische Frequenzsuche
featurePRODFEAT11350	Ja	Kindersicherung
featurePRODFEAT14860	Ja	Automatische Bildformat-Erkennung
featurePRODFEAT12239	Ja	Transporteur versenkbar
featurePRODFEAT14415	Ja	Elektronik-Uhr
featurePRODFEAT12235	Ja	Tonregler / Equalizer
featurePRODFEAT11145	Ja	Infrarot-Wärmemassage
featurePRODFEAT11387	Ja	Kontrollleuchte
featurePRODFEAT12236	Ja	Anzeige Programmende
featurePRODFEAT10055	Ja	Abschaltautomatik
featurePRODFEAT11144	Ja	Infrarot-Messung
featurePRODFEAT11147	Ja	inkl. Akku-/Ladegerät
featurePRODFEAT12476	Ja	Wiederaufwärm-Funktion
featurePRODFEAT14411	Ja	HDTV Empfänger
featurePRODFEAT15742	Ja	App-steuerbar
featurePRODFEAT12231	Ja	Tonarmführung
featurePRODFEAT12473	Ja	Wetter-Symbolanzeige
featurePRODFEAT14410	Ja	DVB-S
featurePRODFEAT12232	Ja	Tonaufzeichnung
featurePRODFEAT12474	Ja	Wettervorhersage
featurePRODFEAT10051	Ja	abnehmbarer Zapfhahn (Kindersicherung)
featurePRODFEAT10054	Ja	Absaugautomatik
featurePRODFEAT12471	Ja	Wetterabhängige Farbanzeige
featurePRODFEAT10053	Ja	abnehmbares Kabel
featurePRODFEAT12230	Ja	Tonabnehmer im Lieferumfang
featurePRODFEAT10050	Ja	abnehmbarer Wassertank
featurePRODFEAT11381	Ja	Konservenglasöffner
featurePRODFEAT11380	Ja	Konferenzschaltung
featurePRODFEAT14409	Ja	DVB-C
featurePRODFEAT12228	Ja	TMC
featurePRODFEAT10048	Ja	abnehmbarer Topf
featurePRODFEAT11139	Ja	Induktions-Kocher
featurePRODFEAT12227	Ja	Titelspeicher
featurePRODFEAT12469	Ja	Weltzeiten
featurePRODFEAT10045	Ja	abnehmbarer Milchbehälter
featurePRODFEAT12467	Ja	Wellenschliff
featurePRODFEAT10047	Ja	Abnehmbarer Schneideteller
featurePRODFEAT11136	Ja	Impulswahl möglich
featurePRODFEAT13795	Ja	Ablage / Messerblock
featurePRODFEAT14401	Ja	Durchlauferhitzer
featurePRODFEAT14885	Ja	Blu-ray-Recorder
featurePRODFEAT10046	Ja	abnehmbarer Saftkrug
featurePRODFEAT10288	Ja	Herz-Arrhythmie-Erkennung
featurePRODFEAT12223	Ja	Titangehäuse
featurePRODFEAT13793	Ja	1080p upscaling
featurePRODFEAT10283	Ja	Aroma-Wahlschalter
featurePRODFEAT12221	Ja	Timeshift-Funktion
featurePRODFEAT13794	Ja	3D-tauglich
featurePRODFEAT11371	Ja	koffeinfrei
featurePRODFEAT10043	Ja	Abnehmbare Wiegeschale
featurePRODFEAT12460	Ja	wechselbare Luftfilter
featurePRODFEAT11131	Ja	Ice-Crush Funktion
featurePRODFEAT10639	Ja	Radio-Aufnahme
featurePRODFEAT10636	Ja	LightScribe
featurePRODFEAT11967	Ja	Selbstreinigung
featurePRODFEAT11966	Ja	selbstreinigendes Filtersieb
featurePRODFEAT10632	Ja	Dimmersensor
featurePRODFEAT13901	Ja	Freiarmnähen
featurePRODFEAT10631	Ja	Dimmer
featurePRODFEAT10633	Ja	Dioptrien- Anpassung
featurePRODFEAT11964	Ja	selbstdrehend (oszillierend)
featurePRODFEAT10629	Ja	Diktierfunktion
featurePRODFEAT11955	Ja	SCSI
featurePRODFEAT11715	Ja	Panorama-Funktion
featurePRODFEAT10623	Ja	digitaler Videorecorder (für TV und Videokamera)
featurePRODFEAT10865	Ja	Flüster-Technologie
featurePRODFEAT11954	Ja	Scroll-Rad (für einfacheres Navigieren)
featurePRODFEAT11711	Ja	Overlockstiche
featurePRODFEAT10861	Ja	Flaschenöffner
featurePRODFEAT15076	Ja	Lüftung
featurePRODFEAT15070	Ja	Lesezeichen
featurePRODFEAT11509	Ja	Massagerollen
featurePRODFEAT10419	Ja	Beladungserkennung
featurePRODFEAT11508	Ja	Massagenoppen
featurePRODFEAT13927	Ja	Höhenmeter
featurePRODFEAT11746	Ja	PictBridge
featurePRODFEAT11749	Ja	Pitch Control
featurePRODFEAT13924	Ja	Hitzebeständig
featurePRODFEAT10417	Ja	beidseitig beschreibbar
featurePRODFEAT11506	Ja	Massagefunktion
featurePRODFEAT13925	Ja	Hochpassfilter
featurePRODFEAT11985	Ja	separate Reisschüssel
featurePRODFEAT11984	Ja	Separate Maus inklusive
featurePRODFEAT10414	Ja	beheizte Tassenablage
featurePRODFEAT10897	Ja	Frittieren ohne Fett
featurePRODFEAT11981	Ja	Separat beheizbare Fußzone
featurePRODFEAT10646	Ja	Direktschaltung
featurePRODFEAT10400	Ja	Batteriestatusanzeige
featurePRODFEAT10642	Ja	direkter Abgleich mit Originalfernbedienungen
featurePRODFEAT11976	Ja	Feuchtigkeitssensor
featurePRODFEAT12821	Ja	Überlastungsschutz
featurePRODFEAT10881	Ja	Free-to-Air
featurePRODFEAT11970	Ja	selbstschärfende Klinge
featurePRODFEAT10880	Ja	Fotofunktion
featurePRODFEAT10883	Ja	Freisprechfunktion
featurePRODFEAT10640	Ja	TV-Aufnahme
featurePRODFEAT10882	Ja	Freihand-Nutzung
featurePRODFEAT12618	Ja	Kabellose Übertragung
featurePRODFEAT13949	Ja	Knochenmasseanzeige
featurePRODFEAT11768	Ja	Pressglaskolben
featurePRODFEAT13947	Ja	Kippbares-Display
featurePRODFEAT12614	Ja	Zwei-Zonen-Beheizung
featurePRODFEAT13703	Ja	Telefon / Firmware Upgrade-fähig
featurePRODFEAT12853	Ja	Kann dieser Service eigenständig gebucht werden?
featurePRODFEAT11766	Ja	Präzisionstrimmer
featurePRODFEAT13940	Ja	Interdentalreiniger-Aufsatz
featurePRODFEAT13941	Ja	Interner Ventilator
featurePRODFEAT10432	Ja	Benachrichtigung über SMS
featurePRODFEAT10431	Ja	Benachrichtigung über Internet
featurePRODFEAT10669	Ja	Drehspieß mit Motor
featurePRODFEAT10426	Ja	beleuchtetes Display
featurePRODFEAT11999	Ja	Sichtfenster
featurePRODFEAT13935	Ja	Inklusive Schüssel
featurePRODFEAT12605	Ja	Entfernbarer Tropfbehälter
featurePRODFEAT10665	Ja	Doppelschweißnaht
featurePRODFEAT11512	Ja	Maßeinheit umschaltbar
featurePRODFEAT11995	Ja	Überhitzungsschutz
featurePRODFEAT10425	Ja	Beleuchtete Tasten
featurePRODFEAT11755	Ja	Polyphone Klingeltöne
featurePRODFEAT11997	Ja	Sicherheitsschalter
featurePRODFEAT13930	Ja	Induktionsfähig
featurePRODFEAT11993	Ja	Show-View
featurePRODFEAT12639	Ja	Verkauf an Gewerbetreibende möglich?
featurePRODFEAT11307	Ja	Kabellos
featurePRODFEAT14818	Ja	Abschließbar
featurePRODFEAT14817	Ja	Abnehmbares Lufteinlassgitter
featurePRODFEAT12637	Ja	Auftragsänderung möglich?
featurePRODFEAT14816	Ja	Abnehmbarer Saugschlauch
featurePRODFEAT11308	Ja	Kabellose Lautsprecher
featurePRODFEAT12638	Ja	kostenlose Transportversicherung?
featurePRODFEAT10698	Ja	DX-Kodierung
featurePRODFEAT14814	Ja	Ablageflächen
featurePRODFEAT12636	Ja	Terminvereinbarung notwendig
featurePRODFEAT14813	Ja	3D Aufnahme
featurePRODFEAT10457	Ja	Bild-in-Bild (PiP)
featurePRODFEAT13965	Ja	LED Hintergrundbeleuchtung
featurePRODFEAT12631	Ja	Können Sie diesen Service direkt im Markt ausführen lassen?
featurePRODFEAT10694	Ja	DVD-Player / -Recorder
featurePRODFEAT12632	Ja	Kann dieser Service per Fernzugriff auf Ihrem PC erbracht werden?
featurePRODFEAT10453	Ja	Bewegungsmelder
featurePRODFEAT11300	Ja	ISDN Port
featurePRODFEAT11784	Ja	Projektions-Funktion
featurePRODFEAT12630	Ja	Kann dieser Service bei Ihnen zu Hause erbracht werden?
featurePRODFEAT10690	Ja	DVB-T geeignet
featurePRODFEAT11780	Ja	Progressive Scan
featurePRODFEAT12628	Ja	Festpreis
featurePRODFEAT10686	Ja	Duplexeinheit (für beidseitigen Druck)
featurePRODFEAT10689	Ja	DVB-T
featurePRODFEAT13951	Ja	Kompass
featurePRODFEAT10682	Ja	DTS-Decoder
featurePRODFEAT10685	Ja	Duftzerstäuber
featurePRODFEAT13950	Ja	Koch-Wiederholung
featurePRODFEAT10681	Ja	DSL
featurePRODFEAT15009	Ja	HDCP kompatibel
featurePRODFEAT15004	Ja	Grillrost
featurePRODFEAT15246	Ja	Worterkennung
featurePRODFEAT15245	Ja	Wörterbuch
featurePRODFEAT15244	Ja	Wiederherstellungsfunktion
featurePRODFEAT13065	Ja	inklusive Tasche
featurePRODFEAT14154	Ja	inklusive Tischklemmen
featurePRODFEAT15243	Ja	Wiederaufladbar
featurePRODFEAT14153	Ja	inklusive Kurbel
featurePRODFEAT15242	Ja	Wetterfest
featurePRODFEAT14390	Ja	Betriebskontrollleuchte
featurePRODFEAT15238	Ja	Wasserfüllstandsanzeige
featurePRODFEAT15236	Ja	Wasseranschluss
featurePRODFEAT13298	Ja	Anruffilterung
featurePRODFEAT15234	Ja	Warmhalterost
featurePRODFEAT13299	Ja	Anrufübertragung
featurePRODFEAT15233	Ja	Währungsrechner
featurePRODFEAT13296	Ja	Anklopfen
featurePRODFEAT15232	Ja	W-LAN
featurePRODFEAT13297	Ja	Anruferkennung
featurePRODFEAT13294	Ja	Akustischer Hinweis bei Nachricht
featurePRODFEAT15230	Ja	Vorinstallierte Senderliste
featurePRODFEAT14382	Ja	Automatische Wahlwiederholung
featurePRODFEAT13291	Ja	Abnehmbare Gitter
featurePRODFEAT11908	Ja	Schneebesenaufsatz
featurePRODFEAT10814	Ja	Farbkopie
featurePRODFEAT11903	Ja	Fensterablufthalterung
featurePRODFEAT13089	Ja	Konvertierfunktion
featurePRODFEAT15268	Ja	Temperatur regelbar Kühlteil
featurePRODFEAT13087	Ja	Kombinationsschlösser
featurePRODFEAT10808	Ja	Extrafach für Wechselobjektiv
featurePRODFEAT10805	Ja	Extrafach für Ersatzakku
featurePRODFEAT10804	Ja	Extrafach für Blitzgerät
featurePRODFEAT10807	Ja	Extrafach für Stativ
featurePRODFEAT10806	Ja	Extrafach für Speicherkarte
featurePRODFEAT10801	Ja	Externer Blitzschuh
featurePRODFEAT13076	Ja	Kabel inklusive
featurePRODFEAT15012	Ja	Herausziehbare Grillwanne
featurePRODFEAT13072	Ja	IRLampen
featurePRODFEAT15046	Ja	Kommentieren
featurePRODFEAT10827	Ja	Fernbedienung im Schwenkarm
featurePRODFEAT11916	Ja	Schnelle Vorwärmfunktion
featurePRODFEAT10826	Ja	Fernbedienung
featurePRODFEAT11912	Ja	Schnellaufheizung
featurePRODFEAT10825	Ja	Fernabfrage
featurePRODFEAT10824	Ja	Fensterreinigungs-Aufsatz
featurePRODFEAT11913	Ja	Schnellaufladung
featurePRODFEAT15039	Ja	Kälteakkus
featurePRODFEAT15038	Ja	Kabelführung
featurePRODFEAT15037	Ja	iPod Lade-Funktion
featurePRODFEAT15036	Ja	Intensivstufe
featurePRODFEAT13092	Ja	Ladestation
featurePRODFEAT10618	Ja	digitaler Kammfilter
featurePRODFEAT11949	Ja	schwenkbares Display
featurePRODFEAT10859	Ja	Flaschenheber
featurePRODFEAT10858	Ja	Grillfunktion
featurePRODFEAT10851	Ja	Fingerprintsensor
featurePRODFEAT10854	Ja	fix eingestellte Aufnahme-Entfernung (Fix-Fokus)
featurePRODFEAT10611	Ja	Diffusor-Aufsatz
featurePRODFEAT10853	Ja	FireWire
featurePRODFEAT11937	Ja	Schubregler (speziell für Flugsimulationen)
featurePRODFEAT10608	Ja	Diätcomputer
featurePRODFEAT10600	Ja	DECT
featurePRODFEAT15058	Ja	Laufrollen
featurePRODFEAT15298	Ja	HD+ Karte inklusive
featurePRODFEAT15297	Ja	CI+ zertifiziert
featurePRODFEAT15296	Ja	HDMI-Anschluss
featurePRODFEAT15052	Ja	Ladeanzeige
featurePRODFEAT11049	Ja	Rutschsicherer Stand
featurePRODFEAT15405	Ja	Ausziehbare Fachböden
featurePRODFEAT14557	Ja	Textilart Erkennung
featurePRODFEAT14556	Ja	Text-to-Speech
featurePRODFEAT15403	Ja	Start-Stopp-Automatik
featurePRODFEAT15402	Ja	Papiermengenerkennung
featurePRODFEAT11284	Ja	Inverter-Funktion
featurePRODFEAT14552	Ja	Temperatur regelbar Gefrierteil
featurePRODFEAT11283	Ja	Intervall-Weckton
featurePRODFEAT11286	Ja	Ionen-Technologie
featurePRODFEAT12130	Ja	Stretchstiche
featurePRODFEAT12372	Ja	Vibrationsmotor
featurePRODFEAT14550	Ja	Sprudelmatte
featurePRODFEAT12371	Ja	Vibrationsmassage
featurePRODFEAT12125	Ja	Stolperschutz-Stecker
featurePRODFEAT14545	Ja	Signal bei Programmende
featurePRODFEAT12126	Ja	Manuelle Stoptaste
featurePRODFEAT12123	Ja	Stichlänge stufenlos regelbar
featurePRODFEAT15875	Ja	LTE
featurePRODFEAT14543	Ja	Shiatsu Massage
featurePRODFEAT11036	Ja	Grillauflage abnehmbar (zur einfachen Reinigung)
featurePRODFEAT11278	Ja	Internetradio
featurePRODFEAT15631	Ja	Farbausführung Produkt
featurePRODFEAT12121	Ja	Steuerung am Handgriff
featurePRODFEAT15630	Ja	blendfreies Licht
featurePRODFEAT12122	Ja	Stichbreite stufenlos regelbar
featurePRODFEAT14540	Ja	Schnelle Abkühlfunktion
featurePRODFEAT11068	Ja	HD ready
featurePRODFEAT11069	Ja	HDCP-Unterstützung
featurePRODFEAT13246	Ja	Überlastung Anzeige
featurePRODFEAT15664	Ja	Führerscheinpflicht
featurePRODFEAT12397	Ja	Video-Telefonie
featurePRODFEAT11063	Ja	Handtuchhalter
featurePRODFEAT15421	Ja	eBook-Reader-Funktion
featurePRODFEAT15663	Ja	Zulassungspflicht
featurePRODFEAT11066	Ja	Skin Cooler
featurePRODFEAT15420	Ja	Webcam-Funktion
featurePRODFEAT11065	Ja	Hautkontakt-Messung
featurePRODFEAT12395	Ja	Videoschnittfunktion integriert
featurePRODFEAT12150	Ja	Points Of Interest (POI)
featurePRODFEAT13240	Ja	Treiber inklusive
featurePRODFEAT11062	Ja	Handballenauflage (für schonendes Arbeiten)
featurePRODFEAT14329	Ja	3G Unterstützung
featurePRODFEAT15418	Ja	Ortungsfunktion
featurePRODFEAT12149	Ja	Subwooferanschluss
featurePRODFEAT15417	Ja	Flash-Player
featurePRODFEAT15416	Ja	Videotelefonie
featurePRODFEAT12147	Ja	Stummschaltung
featurePRODFEAT11299	Ja	ISCSI
featurePRODFEAT15656	Ja	Schutzbleche
featurePRODFEAT12145	Ja	Stufenlose Dampfdruckregulierung
featurePRODFEAT15655	Ja	Schloss
featurePRODFEAT12146	Ja	stufenlose Regulierung
featurePRODFEAT15654	Ja	Gepäckträger
featurePRODFEAT11294	Ja	iPod-Anschluss
featurePRODFEAT14563	Ja	Trocknungszeitwahl
featurePRODFEAT15652	Ja	Frontscheinwerfer
featurePRODFEAT14562	Ja	Trocknungstemperatur wählbar
featurePRODFEAT11054	Ja	H.323 VoIP-Protokoll
featurePRODFEAT11296	Ja	IPTV (Internet Protocol Television)
featurePRODFEAT13231	Ja	Telefonleitung Schutz
featurePRODFEAT11291	Ja	IP Adapter Funktion
featurePRODFEAT11292	Ja	IP Telefon
featurePRODFEAT15209	Ja	Uhrzeit
featurePRODFEAT14117	Ja	Datumsanzeige
featurePRODFEAT14116	Ja	Funkwecker
featurePRODFEAT15205	Ja	Topografische Karten
featurePRODFEAT11089	Ja	Herausnehmbare Fettwanne
featurePRODFEAT14593	Ja	WLAN ready
featurePRODFEAT11081	Ja	Heizfunktion
featurePRODFEAT14589	Ja	Werbefax-Löschfunktion
featurePRODFEAT13256	Ja	Unterstützung EPP und ECP
featurePRODFEAT15434	Ja	Laden über USB-Anschluss
featurePRODFEAT11075	Ja	HDTV-Unterstützung
featurePRODFEAT14343	Ja	akustisches Warnsignal
featurePRODFEAT14585	Ja	Wasserablaufrohr
featurePRODFEAT15674	Ja	Evolution Kit Ready
featurePRODFEAT12166	Ja	Tag- und Zeitansage
featurePRODFEAT11074	Ja	HDTV
featurePRODFEAT14100	Ja	Barfach
featurePRODFEAT14584	Ja	Wärmefunktion
featurePRODFEAT11077	Ja	Heißluftfunktion
featurePRODFEAT15672	Ja	SMART TV
featurePRODFEAT15671	Ja	Wireless Display
featurePRODFEAT15229	Ja	Vorheizfunktion
featurePRODFEAT15227	Ja	vitaminschonend
featurePRODFEAT15226	Ja	Vibrationsarme Lagerung
featurePRODFEAT13288	Ja	Zeitversetztes Senden
featurePRODFEAT15221	Ja	VDSL-Fähig
featurePRODFEAT12191	Ja	Teletext-fähig
featurePRODFEAT15219	Ja	UV-Schutz
featurePRODFEAT15218	Ja	USB Anschluss erforderlich
featurePRODFEAT12189	Ja	Teletext
featurePRODFEAT12187	Ja	Telefonstummschaltung
featurePRODFEAT12188	Ja	Teleskoprohr
featurePRODFEAT13275	Ja	Wecker
featurePRODFEAT14363	Ja	Arbeitsplatte abnehmbar
featurePRODFEAT15210	Ja	UMTS
featurePRODFEAT11093	Ja	Herausnehmbarer Ölbehälter
featurePRODFEAT12184	Ja	Telefonate mitschneiden
featurePRODFEAT12181	Ja	Teekocher-Funktion
featurePRODFEAT11091	Ja	herausnehmbare Zwischenböden
featurePRODFEAT11090	Ja	Herausnehmbare Platten
featurePRODFEAT10118	Ja	Andruckkontrolle
featurePRODFEAT11207	Ja	integrierte Webcam
featurePRODFEAT14959	Ja	Feuchtefilter
featurePRODFEAT11209	Ja	Integrierter Blitz
featurePRODFEAT12539	Ja	Zusätzlicher Antenneneingang
featurePRODFEAT10357	Ja	Automatische Senderprogrammierung
featurePRODFEAT13868	Ja	Druckfunktion
featurePRODFEAT10598	Ja	Deckenmontage möglich
featurePRODFEAT10359	Ja	Automatikprogramm
featurePRODFEAT12534	Ja	Zusatzempfänger erhältlich
featurePRODFEAT11205	Ja	integrierte Uhr
featurePRODFEAT12532	Ja	Zungenreiniger
featurePRODFEAT13863	Ja	DLNA zertifiziert
featurePRODFEAT11684	Ja	Nutzstiche
featurePRODFEAT12533	Ja	zusammenklappbar
featurePRODFEAT11441	Ja	LCD Zeit- und Frequenzanzeige
featurePRODFEAT10113	Ja	Ambilight
featurePRODFEAT10597	Ja	Deckel
featurePRODFEAT12530	Ja	Zubehörschuh
featurePRODFEAT10112	Ja	Zubehör im Gerät
featurePRODFEAT11685	Ja	Ober-/Unterhitze
featurePRODFEAT11680	Ja	Numerische Tastatur
featurePRODFEAT13860	Ja	Direktantrieb
featurePRODFEAT10593	Ja	Datums-/ Uhrzeitanzeige
featurePRODFEAT10592	Ja	Datum / Uhrzeit am Bild
featurePRODFEAT11439	Ja	Lautstärkeregelung
featurePRODFEAT10348	Ja	Auswurftaste (für Klinge)
featurePRODFEAT11679	Ja	Notruf-Funktion
featurePRODFEAT11678	Ja	Notebook-Maus
featurePRODFEAT12521	Ja	Zierstiche
featurePRODFEAT13852	Ja	Computergesteuerte Kochprogramme
featurePRODFEAT10100	Ja	Alarm bei Verbindungsverlust
featurePRODFEAT10584	Ja	Dampfstoß-Funktion
featurePRODFEAT12522	Ja	Ziffernblatt-Beleuchtung
featurePRODFEAT10341	Ja	Aussen-Luftfeuchtigkeit
featurePRODFEAT10583	Ja	Dampfsaugfunktion
featurePRODFEAT11430	Ja	Laufrichtung umschaltbar
featurePRODFEAT10102	Ja	Alarmsystem am Heim-PC
featurePRODFEAT11675	Ja	No Frost (verminderte Eisbildung)
featurePRODFEAT10101	Ja	Alarm-Basisstation (Stand Alone)
featurePRODFEAT10343	Ja	Aussentemperaturmessung
featurePRODFEAT10340	Ja	Aussenkamera
featurePRODFEAT10582	Ja	Dampfpistole enthalten
featurePRODFEAT11225	Ja	integrierter Frostschutz
featurePRODFEAT12314	Ja	USB Hub
featurePRODFEAT13887	Ja	eSATA
featurePRODFEAT12557	Ja	Wasserresistent
featurePRODFEAT14976	Ja	Garraumbeleuchtung
featurePRODFEAT14975	Ja	Für Brillenträger geeignet
featurePRODFEAT12313	Ja	USB Host
featurePRODFEAT13886	Ja	erwärmbare Oberwalze
featurePRODFEAT10132	Ja	Anschluss für externe Antenne
featurePRODFEAT10374	Ja	Automatische Stopp-Funktion
featurePRODFEAT11224	Ja	integrierter Flashspeicher
featurePRODFEAT10376	Ja	Warmhaltefunktion
featurePRODFEAT11223	Ja	integrierter Flaschenhalter
featurePRODFEAT12311	Ja	Upscaler
featurePRODFEAT14972	Ja	Front-Kamera
featurePRODFEAT12550	Ja	Zweites Handstück
featurePRODFEAT10371	Ja	automatische Scankorrektur
featurePRODFEAT12551	Ja	Zweitreflektor
featurePRODFEAT14970	Ja	Freidrehbare Räder
featurePRODFEAT11219	Ja	Integrierter Emulsionsspender
featurePRODFEAT11218	Ja	Integrierter Ei-Pick
featurePRODFEAT12547	Ja	Tara-Zuwiegefunktion
featurePRODFEAT11215	Ja	integrierter DVB-T Tuner
featurePRODFEAT10367	Ja	Automatische Einmessung mit Mikrofon
featurePRODFEAT10369	Ja	automatische Reichweitenkontrolle
featurePRODFEAT12546	Ja	zuschaltbare Ventilation (zur Kühlung)
featurePRODFEAT14965	Ja	Fokussierbarer Lichtkegel
featurePRODFEAT12543	Ja	Zusätzlicher Epilierkopf für sensible Bereiche
featurePRODFEAT12785	Ja	Ventilator Anschluss
featurePRODFEAT13874	Ja	Dual SIM
featurePRODFEAT10364	Ja	automatische Bandeinmessung
featurePRODFEAT12544	Ja	Zusätzlicher Mikrofon Anschluss
featurePRODFEAT11694	Ja	OLED-Display
featurePRODFEAT14963	Ja	Flammenverteiler
featurePRODFEAT12541	Ja	Zusätzlicher Dampfausstoß
featurePRODFEAT14962	Ja	Filterwechselanzeige
featurePRODFEAT10365	Ja	automatische Blitzzuschaltung
featurePRODFEAT12542	Ja	Zusätzlicher Epilierkopf für das Gesicht
featurePRODFEAT12784	Ja	Plug&Play
featurePRODFEAT14960	Ja	Filter waschbar
featurePRODFEAT14516	Ja	Pad-/Kapselsystem
featurePRODFEAT11005	Ja	Geschwindigkeitsregelung
featurePRODFEAT11247	Ja	integrierter Vorverstärker
featurePRODFEAT14999	Ja	GPS
featurePRODFEAT15604	Ja	WLAN-Subwoofer
featurePRODFEAT15603	Ja	integrierter Blu-Ray Player
featurePRODFEAT11007	Ja	Gesichtserkennung
featurePRODFEAT11249	Ja	integrierter Wäschehalter
featurePRODFEAT10397	Ja	Batterie-Betrieb
featurePRODFEAT11244	Ja	integrierter USB-Hub
featurePRODFEAT11243	Ja	integrierter Überspannungsschutz
featurePRODFEAT11485	Ja	Luftentfeuchter-Funktion
featurePRODFEAT14511	Ja	Multi-GPU-Technik
featurePRODFEAT10399	Ja	Batterien inklusive
featurePRODFEAT11245	Ja	Integrierter Verstärker
featurePRODFEAT12330	Ja	verdeckte Heizelemente
featurePRODFEAT10151	Ja	Anti-Kalk bei Dampfbügeleisen
featurePRODFEAT10393	Ja	Bass Boost
featurePRODFEAT11482	Ja	Longplay
featurePRODFEAT12331	Ja	vergoldete Anschlüsse
featurePRODFEAT10150	Ja	Antihaftbeschichtung
featurePRODFEAT10392	Ja	Druckmesser
featurePRODFEAT10153	Ja	Antishock
featurePRODFEAT11242	Ja	integrierter TV-Tuner
featurePRODFEAT11484	Ja	Luftdruckmessung
featurePRODFEAT10152	Ja	Antikalk-Filter
featurePRODFEAT10394	Ja	Bassreflex
featurePRODFEAT14508	Ja	Mehrfachkopien
featurePRODFEAT13418	Ja	DV-Input
featurePRODFEAT10148	Ja	antihaftbeschichteter Topf
featurePRODFEAT13659	Ja	Schnellgefrierfunktion
featurePRODFEAT10147	Ja	Antihaftbeschichteter Innenbehälter
featurePRODFEAT11239	Ja	Integrierter Router
featurePRODFEAT13656	Ja	Rücklauffunktion bei Papierstau
featurePRODFEAT13657	Ja	Ruf halten
featurePRODFEAT10145	Ja	antihaftbeschichtete Ölwanne
featurePRODFEAT12322	Ja	UV-Stahlungsmessung
featurePRODFEAT10140	Ja	Antennenanschluss
featurePRODFEAT14981	Ja	Geruchsfilter
featurePRODFEAT12562	Ja	CD-Text, ID3-Tag
featurePRODFEAT10381	Ja	Automatischer Sendersuchlauf
featurePRODFEAT10142	Ja	Antihaft-Beschichtung
featurePRODFEAT13890	Ja	Farbdruck
featurePRODFEAT10141	Ja	antibakterielle Innenbeschichtung
featurePRODFEAT11230	Ja	integrierter Kompressor
featurePRODFEAT13891	Ja	Farbfax
featurePRODFEAT10380	Ja	automatischer Nadeleinfädler
featurePRODFEAT15629	Ja	Smartlink
featurePRODFEAT14539	Ja	Schnelldampf-Funktion
featurePRODFEAT15628	Ja	LED Farbwechsel
featurePRODFEAT12119	Ja	Steuerkreuz
featurePRODFEAT14538	Ja	Schmutzerkennung
featurePRODFEAT12117	Ja	Grillplatten
featurePRODFEAT13206	Ja	Snooze Funktion
featurePRODFEAT14536	Ja	Schaumerkennung
featurePRODFEAT12356	Ja	Verstellbarer Neigungswinkel
featurePRODFEAT11266	Ja	integriertes Telefon
featurePRODFEAT12357	Ja	Vertikaldampf
featurePRODFEAT11268	Ja	Radio
featurePRODFEAT12354	Ja	verstellbarer Hochtöner
featurePRODFEAT12352	Ja	verstellbare Folienstärke
featurePRODFEAT11020	Ja	Glastüre
featurePRODFEAT11261	Ja	Integriertes Mikrofon
featurePRODFEAT11264	Ja	integriertes Soundsystem
featurePRODFEAT11021	Ja	Glätter-Aufsatz
featurePRODFEAT11263	Ja	Tuner
featurePRODFEAT12351	Ja	Verstärkungsregler
featurePRODFEAT11260	Ja	Integriertes Mahlwerk
featurePRODFEAT15618	Ja	Dimmbarkeit
featurePRODFEAT12107	Ja	Staubfüllanzeige
featurePRODFEAT14528	Ja	Rundsenden
featurePRODFEAT14527	Ja	Rollen
featurePRODFEAT14526	Ja	Reversierfunktion
featurePRODFEAT13437	Ja	Wasserspender
featurePRODFEAT12345	Ja	Versenkbare Schaltknebel
featurePRODFEAT90009	Ja	Weinlagerschrank
featurePRODFEAT11496	Ja	Magnetkartenleser
featurePRODFEAT11257	Ja	integriertes GPS-Modul
featurePRODFEAT15611	Ja	Saftbehälter
featurePRODFEAT11498	Ja	Magnetstreifen
featurePRODFEAT12341	Ja	verschiedene Trainingsprogramme einstellbar
featurePRODFEAT11251	Ja	integrierter Wechsleranschluss
featurePRODFEAT12100	Ja	Ständige Wasserzufuhr
featurePRODFEAT11253	Ja	UMTS/HSDPA
featurePRODFEAT11495	Ja	magnetisch geschirmt
featurePRODFEAT90007	Ja	Einbaugerät
featurePRODFEAT11252	Ja	integriertes Anti-Kalk-System
featurePRODFEAT11494	Ja	Magnesiumgehäuse
featurePRODFEAT13671	Ja	Senderinfoanzeige
