Feature ID	Attribute ID
featurePRODFEAT11849	boolean_search_features
featurePRODFEAT10757	boolean_search_features
featurePRODFEAT10517	boolean_search_features
featurePRODFEAT11606	boolean_search_features
featurePRODFEAT11848	boolean_search_features
featurePRODFEAT10516	boolean_search_features
featurePRODFEAT11605	boolean_search_features
featurePRODFEAT10753	boolean_search_features
featurePRODFEAT10755	boolean_search_features
featurePRODFEAT11844	boolean_search_features
featurePRODFEAT10991	boolean_search_features
featurePRODFEAT10751	boolean_search_features
featurePRODFEAT11840	boolean_search_features
featurePRODFEAT10750	boolean_search_features
featurePRODFEAT11839	boolean_search_features
featurePRODFEAT10746	boolean_search_features
featurePRODFEAT11835	boolean_search_features
featurePRODFEAT10745	boolean_search_features
featurePRODFEAT10747	boolean_search_features
featurePRODFEAT11836	boolean_search_features
featurePRODFEAT10742	boolean_search_features
featurePRODFEAT10741	boolean_search_features
featurePRODFEAT10983	boolean_search_features
featurePRODFEAT11830	boolean_search_features
featurePRODFEAT10744	boolean_search_features
featurePRODFEAT11833	boolean_search_features
featurePRODFEAT10501	boolean_search_features
featurePRODFEAT10537	boolean_search_features
featurePRODFEAT10778	boolean_search_features
featurePRODFEAT12957	boolean_search_features
featurePRODFEAT12712	boolean_search_features
featurePRODFEAT11624	boolean_search_features
featurePRODFEAT11866	boolean_search_features
featurePRODFEAT11623	boolean_search_features
featurePRODFEAT11860	boolean_search_features
featurePRODFEAT10531	boolean_search_features
featurePRODFEAT10526	boolean_search_features
featurePRODFEAT11617	boolean_search_features
featurePRODFEAT11859	boolean_search_features
featurePRODFEAT11858	boolean_search_features
featurePRODFEAT12946	boolean_search_features
featurePRODFEAT11611	boolean_search_features
featurePRODFEAT12702	boolean_search_features
featurePRODFEAT11612	boolean_search_features
featurePRODFEAT10760	boolean_search_features
featurePRODFEAT11647	boolean_search_features
featurePRODFEAT14914	boolean_search_features
featurePRODFEAT13826	boolean_search_features
featurePRODFEAT14913	boolean_search_features
featurePRODFEAT11886	boolean_search_features
featurePRODFEAT11885	boolean_search_features
featurePRODFEAT14910	boolean_search_features
featurePRODFEAT11645	boolean_search_features
featurePRODFEAT13822	boolean_search_features
featurePRODFEAT10551	boolean_search_features
featurePRODFEAT10793	boolean_search_features
featurePRODFEAT10311	boolean_search_features
featurePRODFEAT10552	boolean_search_features
featurePRODFEAT12727	boolean_search_features
featurePRODFEAT12969	boolean_search_features
featurePRODFEAT11879	boolean_search_features
featurePRODFEAT10786	boolean_search_features
featurePRODFEAT10785	boolean_search_features
featurePRODFEAT10546	boolean_search_features
featurePRODFEAT10545	boolean_search_features
featurePRODFEAT10787	boolean_search_features
featurePRODFEAT11876	boolean_search_features
featurePRODFEAT11870	boolean_search_features
featurePRODFEAT11631	boolean_search_features
featurePRODFEAT11873	boolean_search_features
featurePRODFEAT11428	boolean_search_features
featurePRODFEAT11427	boolean_search_features
featurePRODFEAT14938	boolean_search_features
featurePRODFEAT12516	boolean_search_features
featurePRODFEAT13847	boolean_search_features
featurePRODFEAT14936	boolean_search_features
featurePRODFEAT12514	boolean_search_features
featurePRODFEAT13845	boolean_search_features
featurePRODFEAT11666	boolean_search_features
featurePRODFEAT10576	boolean_search_features
featurePRODFEAT14932	boolean_search_features
featurePRODFEAT12510	boolean_search_features
featurePRODFEAT10573	boolean_search_features
featurePRODFEAT10333	boolean_search_features
featurePRODFEAT10575	boolean_search_features
featurePRODFEAT12750	boolean_search_features
featurePRODFEAT10571	boolean_search_features
featurePRODFEAT10570	boolean_search_features
featurePRODFEAT12509	boolean_search_features
featurePRODFEAT11659	boolean_search_features
featurePRODFEAT11416	boolean_search_features
featurePRODFEAT11418	boolean_search_features
featurePRODFEAT13837	boolean_search_features
featurePRODFEAT12503	boolean_search_features
featurePRODFEAT10324	boolean_search_features
featurePRODFEAT10568	boolean_search_features
featurePRODFEAT13832	boolean_search_features
featurePRODFEAT11414	boolean_search_features
featurePRODFEAT11656	boolean_search_features
featurePRODFEAT13833	boolean_search_features
featurePRODFEAT14921	boolean_search_features
featurePRODFEAT13830	boolean_search_features
featurePRODFEAT13831	boolean_search_features
featurePRODFEAT11653	boolean_search_features
featurePRODFEAT11890	boolean_search_features
featurePRODFEAT10918	boolean_search_features
featurePRODFEAT15128	boolean_search_features
featurePRODFEAT15368	boolean_search_features
featurePRODFEAT14035	boolean_search_features
featurePRODFEAT15365	boolean_search_features
featurePRODFEAT15364	boolean_search_features
featurePRODFEAT14034	boolean_search_features
featurePRODFEAT12090	boolean_search_features
featurePRODFEAT10904	boolean_search_features
featurePRODFEAT10903	boolean_search_features
featurePRODFEAT10906	boolean_search_features
featurePRODFEAT15117	boolean_search_features
featurePRODFEAT14029	boolean_search_features
featurePRODFEAT14026	boolean_search_features
featurePRODFEAT13179	boolean_search_features
featurePRODFEAT15115	boolean_search_features
featurePRODFEAT14024	boolean_search_features
featurePRODFEAT15114	boolean_search_features
featurePRODFEAT15356	boolean_search_features
featurePRODFEAT12088	boolean_search_features
featurePRODFEAT15355	boolean_search_features
featurePRODFEAT15111	boolean_search_features
featurePRODFEAT13176	boolean_search_features
featurePRODFEAT15594	boolean_search_features
featurePRODFEAT12083	boolean_search_features
featurePRODFEAT10935	boolean_search_features
featurePRODFEAT10934	boolean_search_features
featurePRODFEAT14059	boolean_search_features
featurePRODFEAT15149	boolean_search_features
featurePRODFEAT15148	boolean_search_features
featurePRODFEAT15147	boolean_search_features
featurePRODFEAT14058	boolean_search_features
featurePRODFEAT15144	boolean_search_features
featurePRODFEAT14053	boolean_search_features
featurePRODFEAT15385	boolean_search_features
featurePRODFEAT15384	boolean_search_features
featurePRODFEAT15380	boolean_search_features
featurePRODFEAT10920	boolean_search_features
featurePRODFEAT15379	boolean_search_features
featurePRODFEAT13199	boolean_search_features
featurePRODFEAT15135	boolean_search_features
featurePRODFEAT15132	boolean_search_features
featurePRODFEAT15373	boolean_search_features
featurePRODFEAT10718	boolean_search_features
featurePRODFEAT11807	boolean_search_features
featurePRODFEAT10713	boolean_search_features
featurePRODFEAT10957	boolean_search_features
featurePRODFEAT10951	boolean_search_features
featurePRODFEAT11800	boolean_search_features
featurePRODFEAT10710	boolean_search_features
featurePRODFEAT14079	boolean_search_features
featurePRODFEAT15167	boolean_search_features
featurePRODFEAT15166	boolean_search_features
featurePRODFEAT14078	boolean_search_features
featurePRODFEAT15164	boolean_search_features
featurePRODFEAT14073	boolean_search_features
featurePRODFEAT15163	boolean_search_features
featurePRODFEAT15161	boolean_search_features
featurePRODFEAT14070	boolean_search_features
featurePRODFEAT10706	boolean_search_features
featurePRODFEAT10948	boolean_search_features
featurePRODFEAT10705	boolean_search_features
featurePRODFEAT10949	boolean_search_features
featurePRODFEAT10702	boolean_search_features
featurePRODFEAT10944	boolean_search_features
featurePRODFEAT10943	boolean_search_features
featurePRODFEAT14065	boolean_search_features
featurePRODFEAT14062	boolean_search_features
featurePRODFEAT14063	boolean_search_features
featurePRODFEAT14060	boolean_search_features
featurePRODFEAT15392	boolean_search_features
featurePRODFEAT14061	boolean_search_features
featurePRODFEAT11827	boolean_search_features
featurePRODFEAT11829	boolean_search_features
featurePRODFEAT10734	boolean_search_features
featurePRODFEAT11820	boolean_search_features
featurePRODFEAT10733	boolean_search_features
featurePRODFEAT10732	boolean_search_features
featurePRODFEAT15183	boolean_search_features
featurePRODFEAT15180	boolean_search_features
featurePRODFEAT14090	boolean_search_features
featurePRODFEAT10728	boolean_search_features
featurePRODFEAT12906	boolean_search_features
featurePRODFEAT11812	boolean_search_features
featurePRODFEAT10722	boolean_search_features
featurePRODFEAT15179	boolean_search_features
featurePRODFEAT15178	boolean_search_features
featurePRODFEAT15177	boolean_search_features
featurePRODFEAT15176	boolean_search_features
featurePRODFEAT15174	boolean_search_features
featurePRODFEAT14082	boolean_search_features
featurePRODFEAT14080	boolean_search_features
featurePRODFEAT12019	boolean_search_features
featurePRODFEAT14437	boolean_search_features
featurePRODFEAT12257	boolean_search_features
featurePRODFEAT12016	boolean_search_features
featurePRODFEAT14434	boolean_search_features
featurePRODFEAT14433	boolean_search_features
featurePRODFEAT11168	boolean_search_features
featurePRODFEAT14432	boolean_search_features
featurePRODFEAT11162	boolean_search_features
featurePRODFEAT14430	boolean_search_features
featurePRODFEAT12251	boolean_search_features
featurePRODFEAT10072	boolean_search_features
featurePRODFEAT14429	boolean_search_features
featurePRODFEAT12009	boolean_search_features
featurePRODFEAT14426	boolean_search_features
featurePRODFEAT12007	boolean_search_features
featurePRODFEAT12249	boolean_search_features
featurePRODFEAT13338	boolean_search_features
featurePRODFEAT12004	boolean_search_features
featurePRODFEAT10067	boolean_search_features
featurePRODFEAT14424	boolean_search_features
featurePRODFEAT11397	boolean_search_features
featurePRODFEAT12244	boolean_search_features
featurePRODFEAT11157	boolean_search_features
featurePRODFEAT12003	boolean_search_features
featurePRODFEAT12484	boolean_search_features
featurePRODFEAT11393	boolean_search_features
featurePRODFEAT11396	boolean_search_features
featurePRODFEAT12240	boolean_search_features
featurePRODFEAT12482	boolean_search_features
featurePRODFEAT11153	boolean_search_features
featurePRODFEAT12483	boolean_search_features
featurePRODFEAT11390	boolean_search_features
featurePRODFEAT13570	boolean_search_features
featurePRODFEAT11392	boolean_search_features
featurePRODFEAT15308	boolean_search_features
featurePRODFEAT15304	boolean_search_features
featurePRODFEAT12035	boolean_search_features
featurePRODFEAT13124	boolean_search_features
featurePRODFEAT14456	boolean_search_features
featurePRODFEAT15303	boolean_search_features
featurePRODFEAT15302	boolean_search_features
featurePRODFEAT11185	boolean_search_features
featurePRODFEAT15301	boolean_search_features
featurePRODFEAT12034	boolean_search_features
featurePRODFEAT12276	boolean_search_features
featurePRODFEAT10098	boolean_search_features
featurePRODFEAT10097	boolean_search_features
featurePRODFEAT12271	boolean_search_features
featurePRODFEAT10091	boolean_search_features
featurePRODFEAT11180	boolean_search_features
featurePRODFEAT11183	boolean_search_features
featurePRODFEAT14449	boolean_search_features
featurePRODFEAT13357	boolean_search_features
featurePRODFEAT11177	boolean_search_features
featurePRODFEAT14446	boolean_search_features
featurePRODFEAT12267	boolean_search_features
featurePRODFEAT13114	boolean_search_features
featurePRODFEAT13356	boolean_search_features
featurePRODFEAT10085	boolean_search_features
featurePRODFEAT11174	boolean_search_features
featurePRODFEAT14441	boolean_search_features
featurePRODFEAT13352	boolean_search_features
featurePRODFEAT14440	boolean_search_features
featurePRODFEAT11172	boolean_search_features
featurePRODFEAT15329	boolean_search_features
featurePRODFEAT15328	boolean_search_features
featurePRODFEAT15569	boolean_search_features
featurePRODFEAT15324	boolean_search_features
featurePRODFEAT12295	boolean_search_features
featurePRODFEAT12296	boolean_search_features
featurePRODFEAT14471	boolean_search_features
featurePRODFEAT12294	boolean_search_features
featurePRODFEAT14470	boolean_search_features
featurePRODFEAT12291	boolean_search_features
featurePRODFEAT14468	boolean_search_features
featurePRODFEAT15557	boolean_search_features
featurePRODFEAT14467	boolean_search_features
featurePRODFEAT15556	boolean_search_features
featurePRODFEAT15555	boolean_search_features
featurePRODFEAT15312	boolean_search_features
featurePRODFEAT15554	boolean_search_features
featurePRODFEAT11196	boolean_search_features
featurePRODFEAT11195	boolean_search_features
featurePRODFEAT14463	boolean_search_features
featurePRODFEAT12042	boolean_search_features
featurePRODFEAT11192	boolean_search_features
featurePRODFEAT14460	boolean_search_features
featurePRODFEAT11194	boolean_search_features
featurePRODFEAT11190	boolean_search_features
featurePRODFEAT12079	boolean_search_features
featurePRODFEAT13169	boolean_search_features
featurePRODFEAT12077	boolean_search_features
featurePRODFEAT14013	boolean_search_features
featurePRODFEAT12078	boolean_search_features
featurePRODFEAT14497	boolean_search_features
featurePRODFEAT14014	boolean_search_features
featurePRODFEAT12076	boolean_search_features
featurePRODFEAT14012	boolean_search_features
featurePRODFEAT12072	boolean_search_features
featurePRODFEAT15337	boolean_search_features
featurePRODFEAT12068	boolean_search_features
featurePRODFEAT13157	boolean_search_features
featurePRODFEAT14004	boolean_search_features
featurePRODFEAT12067	boolean_search_features
featurePRODFEAT13395	boolean_search_features
featurePRODFEAT15573	boolean_search_features
featurePRODFEAT13393	boolean_search_features
featurePRODFEAT15330	boolean_search_features
featurePRODFEAT15572	boolean_search_features
featurePRODFEAT13152	boolean_search_features
featurePRODFEAT15571	boolean_search_features
featurePRODFEAT15570	boolean_search_features
featurePRODFEAT12417	boolean_search_features
featurePRODFEAT13506	boolean_search_features
featurePRODFEAT13749	boolean_search_features
featurePRODFEAT13505	boolean_search_features
featurePRODFEAT11324	boolean_search_features
featurePRODFEAT11566	boolean_search_features
featurePRODFEAT12655	boolean_search_features
featurePRODFEAT12656	boolean_search_features
featurePRODFEAT13503	boolean_search_features
featurePRODFEAT12654	boolean_search_features
featurePRODFEAT12651	boolean_search_features
featurePRODFEAT13740	boolean_search_features
featurePRODFEAT12410	boolean_search_features
featurePRODFEAT12652	boolean_search_features
featurePRODFEAT12409	boolean_search_features
featurePRODFEAT11317	boolean_search_features
featurePRODFEAT11319	boolean_search_features
featurePRODFEAT13738	boolean_search_features
featurePRODFEAT11556	boolean_search_features
featurePRODFEAT11313	boolean_search_features
featurePRODFEAT11316	boolean_search_features
featurePRODFEAT12402	boolean_search_features
featurePRODFEAT12644	boolean_search_features
featurePRODFEAT10468	boolean_search_features
featurePRODFEAT11315	boolean_search_features
featurePRODFEAT12642	boolean_search_features
featurePRODFEAT13973	boolean_search_features
featurePRODFEAT12643	boolean_search_features
featurePRODFEAT12640	boolean_search_features
featurePRODFEAT12641	boolean_search_features
featurePRODFEAT13972	boolean_search_features
featurePRODFEAT10019	boolean_search_features
featurePRODFEAT14859	boolean_search_features
featurePRODFEAT11105	boolean_search_features
featurePRODFEAT10499	boolean_search_features
featurePRODFEAT10018	boolean_search_features
featurePRODFEAT11348	boolean_search_features
featurePRODFEAT13525	boolean_search_features
featurePRODFEAT13522	boolean_search_features
featurePRODFEAT14854	boolean_search_features
featurePRODFEAT10011	boolean_search_features
featurePRODFEAT11342	boolean_search_features
featurePRODFEAT11584	boolean_search_features
featurePRODFEAT11587	boolean_search_features
featurePRODFEAT11102	boolean_search_features
featurePRODFEAT13521	boolean_search_features
featurePRODFEAT13760	boolean_search_features
featurePRODFEAT11583	boolean_search_features
featurePRODFEAT13518	boolean_search_features
featurePRODFEAT12426	boolean_search_features
featurePRODFEAT10005	boolean_search_features
featurePRODFEAT11336	boolean_search_features
featurePRODFEAT10488	boolean_search_features
featurePRODFEAT12666	boolean_search_features
featurePRODFEAT10006	boolean_search_features
featurePRODFEAT12425	boolean_search_features
featurePRODFEAT13514	boolean_search_features
featurePRODFEAT13753	boolean_search_features
featurePRODFEAT10485	boolean_search_features
featurePRODFEAT10000	boolean_search_features
featurePRODFEAT10487	boolean_search_features
featurePRODFEAT11576	boolean_search_features
featurePRODFEAT10002	boolean_search_features
featurePRODFEAT12217	boolean_search_features
featurePRODFEAT12218	boolean_search_features
featurePRODFEAT10279	boolean_search_features
featurePRODFEAT12457	boolean_search_features
featurePRODFEAT12216	boolean_search_features
featurePRODFEAT14876	boolean_search_features
featurePRODFEAT14875	boolean_search_features
featurePRODFEAT12698	boolean_search_features
featurePRODFEAT11125	boolean_search_features
featurePRODFEAT12211	boolean_search_features
featurePRODFEAT13300	boolean_search_features
featurePRODFEAT10035	boolean_search_features
featurePRODFEAT11361	boolean_search_features
featurePRODFEAT13541	boolean_search_features
featurePRODFEAT10274	boolean_search_features
featurePRODFEAT11121	boolean_search_features
featurePRODFEAT11363	boolean_search_features
featurePRODFEAT10031	boolean_search_features
featurePRODFEAT12690	boolean_search_features
featurePRODFEAT11119	boolean_search_features
featurePRODFEAT12208	boolean_search_features
featurePRODFEAT12206	boolean_search_features
featurePRODFEAT13779	boolean_search_features
featurePRODFEAT11116	boolean_search_features
featurePRODFEAT11358	boolean_search_features
featurePRODFEAT12449	boolean_search_features
featurePRODFEAT11115	boolean_search_features
featurePRODFEAT11357	boolean_search_features
featurePRODFEAT11118	boolean_search_features
featurePRODFEAT11359	boolean_search_features
featurePRODFEAT12447	boolean_search_features
featurePRODFEAT12444	boolean_search_features
featurePRODFEAT14863	boolean_search_features
featurePRODFEAT10025	boolean_search_features
featurePRODFEAT14862	boolean_search_features
featurePRODFEAT10024	boolean_search_features
featurePRODFEAT11355	boolean_search_features
featurePRODFEAT12201	boolean_search_features
featurePRODFEAT14861	boolean_search_features
featurePRODFEAT11350	boolean_search_features
featurePRODFEAT14860	boolean_search_features
featurePRODFEAT12239	boolean_search_features
featurePRODFEAT14415	boolean_search_features
featurePRODFEAT12235	boolean_search_features
featurePRODFEAT11145	boolean_search_features
featurePRODFEAT11387	boolean_search_features
featurePRODFEAT12236	boolean_search_features
featurePRODFEAT10055	boolean_search_features
featurePRODFEAT11144	boolean_search_features
featurePRODFEAT11147	boolean_search_features
featurePRODFEAT12476	boolean_search_features
featurePRODFEAT14411	boolean_search_features
featurePRODFEAT15742	boolean_search_features
featurePRODFEAT12231	boolean_search_features
featurePRODFEAT12473	boolean_search_features
featurePRODFEAT14410	boolean_search_features
featurePRODFEAT12232	boolean_search_features
featurePRODFEAT12474	boolean_search_features
featurePRODFEAT10051	boolean_search_features
featurePRODFEAT10054	boolean_search_features
featurePRODFEAT12471	boolean_search_features
featurePRODFEAT10053	boolean_search_features
featurePRODFEAT12230	boolean_search_features
featurePRODFEAT10050	boolean_search_features
featurePRODFEAT11381	boolean_search_features
featurePRODFEAT11380	boolean_search_features
featurePRODFEAT14409	boolean_search_features
featurePRODFEAT12228	boolean_search_features
featurePRODFEAT10048	boolean_search_features
featurePRODFEAT11139	boolean_search_features
featurePRODFEAT12227	boolean_search_features
featurePRODFEAT12469	boolean_search_features
featurePRODFEAT10045	boolean_search_features
featurePRODFEAT12467	boolean_search_features
featurePRODFEAT10047	boolean_search_features
featurePRODFEAT11136	boolean_search_features
featurePRODFEAT13795	boolean_search_features
featurePRODFEAT14401	boolean_search_features
featurePRODFEAT14885	boolean_search_features
featurePRODFEAT10046	boolean_search_features
featurePRODFEAT10288	boolean_search_features
featurePRODFEAT12223	boolean_search_features
featurePRODFEAT13793	boolean_search_features
featurePRODFEAT10283	boolean_search_features
featurePRODFEAT12221	boolean_search_features
featurePRODFEAT13794	boolean_search_features
featurePRODFEAT11371	boolean_search_features
featurePRODFEAT10043	boolean_search_features
featurePRODFEAT12460	boolean_search_features
featurePRODFEAT11131	boolean_search_features
featurePRODFEAT10639	boolean_search_features
featurePRODFEAT10636	boolean_search_features
featurePRODFEAT11967	boolean_search_features
featurePRODFEAT11966	boolean_search_features
featurePRODFEAT10632	boolean_search_features
featurePRODFEAT13901	boolean_search_features
featurePRODFEAT10631	boolean_search_features
featurePRODFEAT10633	boolean_search_features
featurePRODFEAT11964	boolean_search_features
featurePRODFEAT10629	boolean_search_features
featurePRODFEAT11955	boolean_search_features
featurePRODFEAT11715	boolean_search_features
featurePRODFEAT10623	boolean_search_features
featurePRODFEAT10865	boolean_search_features
featurePRODFEAT11954	boolean_search_features
featurePRODFEAT11711	boolean_search_features
featurePRODFEAT10861	boolean_search_features
featurePRODFEAT15076	boolean_search_features
featurePRODFEAT15070	boolean_search_features
featurePRODFEAT11509	boolean_search_features
featurePRODFEAT10419	boolean_search_features
featurePRODFEAT11508	boolean_search_features
featurePRODFEAT13927	boolean_search_features
featurePRODFEAT11746	boolean_search_features
featurePRODFEAT11749	boolean_search_features
featurePRODFEAT13924	boolean_search_features
featurePRODFEAT10417	boolean_search_features
featurePRODFEAT11506	boolean_search_features
featurePRODFEAT13925	boolean_search_features
featurePRODFEAT11985	boolean_search_features
featurePRODFEAT11984	boolean_search_features
featurePRODFEAT10414	boolean_search_features
featurePRODFEAT10897	boolean_search_features
featurePRODFEAT11981	boolean_search_features
featurePRODFEAT10646	boolean_search_features
featurePRODFEAT10400	boolean_search_features
featurePRODFEAT10642	boolean_search_features
featurePRODFEAT11976	boolean_search_features
featurePRODFEAT12821	boolean_search_features
featurePRODFEAT10881	boolean_search_features
featurePRODFEAT11970	boolean_search_features
featurePRODFEAT10880	boolean_search_features
featurePRODFEAT10883	boolean_search_features
featurePRODFEAT10640	boolean_search_features
featurePRODFEAT10882	boolean_search_features
featurePRODFEAT12618	boolean_search_features
featurePRODFEAT13949	boolean_search_features
featurePRODFEAT11768	boolean_search_features
featurePRODFEAT13947	boolean_search_features
featurePRODFEAT12614	boolean_search_features
featurePRODFEAT13703	boolean_search_features
featurePRODFEAT12853	boolean_search_features
featurePRODFEAT11766	boolean_search_features
featurePRODFEAT13940	boolean_search_features
featurePRODFEAT13941	boolean_search_features
featurePRODFEAT10432	boolean_search_features
featurePRODFEAT10431	boolean_search_features
featurePRODFEAT10669	boolean_search_features
featurePRODFEAT10426	boolean_search_features
featurePRODFEAT11999	boolean_search_features
featurePRODFEAT13935	boolean_search_features
featurePRODFEAT12605	boolean_search_features
featurePRODFEAT10665	boolean_search_features
featurePRODFEAT11512	boolean_search_features
featurePRODFEAT11995	boolean_search_features
featurePRODFEAT10425	boolean_search_features
featurePRODFEAT11755	boolean_search_features
featurePRODFEAT11997	boolean_search_features
featurePRODFEAT13930	boolean_search_features
featurePRODFEAT11993	boolean_search_features
featurePRODFEAT12639	boolean_search_features
featurePRODFEAT11307	boolean_search_features
featurePRODFEAT14818	boolean_search_features
featurePRODFEAT14817	boolean_search_features
featurePRODFEAT12637	boolean_search_features
featurePRODFEAT14816	boolean_search_features
featurePRODFEAT11308	boolean_search_features
featurePRODFEAT12638	boolean_search_features
featurePRODFEAT10698	boolean_search_features
featurePRODFEAT14814	boolean_search_features
featurePRODFEAT12636	boolean_search_features
featurePRODFEAT14813	boolean_search_features
featurePRODFEAT10457	boolean_search_features
featurePRODFEAT13965	boolean_search_features
featurePRODFEAT12631	boolean_search_features
featurePRODFEAT10694	boolean_search_features
featurePRODFEAT12632	boolean_search_features
featurePRODFEAT10453	boolean_search_features
featurePRODFEAT11300	boolean_search_features
featurePRODFEAT11784	boolean_search_features
featurePRODFEAT12630	boolean_search_features
featurePRODFEAT10690	boolean_search_features
featurePRODFEAT11780	boolean_search_features
featurePRODFEAT12628	boolean_search_features
featurePRODFEAT10686	boolean_search_features
featurePRODFEAT10689	boolean_search_features
featurePRODFEAT13951	boolean_search_features
featurePRODFEAT10682	boolean_search_features
featurePRODFEAT10685	boolean_search_features
featurePRODFEAT13950	boolean_search_features
featurePRODFEAT10681	boolean_search_features
featurePRODFEAT15009	boolean_search_features
featurePRODFEAT15004	boolean_search_features
featurePRODFEAT15246	boolean_search_features
featurePRODFEAT15245	boolean_search_features
featurePRODFEAT15244	boolean_search_features
featurePRODFEAT13065	boolean_search_features
featurePRODFEAT14154	boolean_search_features
featurePRODFEAT15243	boolean_search_features
featurePRODFEAT14153	boolean_search_features
featurePRODFEAT15242	boolean_search_features
featurePRODFEAT14390	boolean_search_features
featurePRODFEAT15238	boolean_search_features
featurePRODFEAT15236	boolean_search_features
featurePRODFEAT13298	boolean_search_features
featurePRODFEAT15234	boolean_search_features
featurePRODFEAT13299	boolean_search_features
featurePRODFEAT15233	boolean_search_features
featurePRODFEAT13296	boolean_search_features
featurePRODFEAT15232	boolean_search_features
featurePRODFEAT13297	boolean_search_features
featurePRODFEAT13294	boolean_search_features
featurePRODFEAT15230	boolean_search_features
featurePRODFEAT14382	boolean_search_features
featurePRODFEAT13291	boolean_search_features
featurePRODFEAT11908	boolean_search_features
featurePRODFEAT10814	boolean_search_features
featurePRODFEAT11903	boolean_search_features
featurePRODFEAT13089	boolean_search_features
featurePRODFEAT15268	boolean_search_features
featurePRODFEAT13087	boolean_search_features
featurePRODFEAT10808	boolean_search_features
featurePRODFEAT10805	boolean_search_features
featurePRODFEAT10804	boolean_search_features
featurePRODFEAT10807	boolean_search_features
featurePRODFEAT10806	boolean_search_features
featurePRODFEAT10801	boolean_search_features
featurePRODFEAT13076	boolean_search_features
featurePRODFEAT15012	boolean_search_features
featurePRODFEAT13072	boolean_search_features
featurePRODFEAT15046	boolean_search_features
featurePRODFEAT10827	boolean_search_features
featurePRODFEAT11916	boolean_search_features
featurePRODFEAT10826	boolean_search_features
featurePRODFEAT11912	boolean_search_features
featurePRODFEAT10825	boolean_search_features
featurePRODFEAT10824	boolean_search_features
featurePRODFEAT11913	boolean_search_features
featurePRODFEAT15039	boolean_search_features
featurePRODFEAT15038	boolean_search_features
featurePRODFEAT15037	boolean_search_features
featurePRODFEAT15036	boolean_search_features
featurePRODFEAT13092	boolean_search_features
featurePRODFEAT10618	boolean_search_features
featurePRODFEAT11949	boolean_search_features
featurePRODFEAT10859	boolean_search_features
featurePRODFEAT10858	boolean_search_features
featurePRODFEAT10851	boolean_search_features
featurePRODFEAT10854	boolean_search_features
featurePRODFEAT10611	boolean_search_features
featurePRODFEAT10853	boolean_search_features
featurePRODFEAT11937	boolean_search_features
featurePRODFEAT10608	boolean_search_features
featurePRODFEAT10600	boolean_search_features
featurePRODFEAT15058	boolean_search_features
featurePRODFEAT15298	boolean_search_features
featurePRODFEAT15297	boolean_search_features
featurePRODFEAT15296	boolean_search_features
featurePRODFEAT15052	boolean_search_features
featurePRODFEAT11049	boolean_search_features
featurePRODFEAT15405	boolean_search_features
featurePRODFEAT14557	boolean_search_features
featurePRODFEAT14556	boolean_search_features
featurePRODFEAT15403	boolean_search_features
featurePRODFEAT15402	boolean_search_features
featurePRODFEAT11284	boolean_search_features
featurePRODFEAT14552	boolean_search_features
featurePRODFEAT11283	boolean_search_features
featurePRODFEAT11286	boolean_search_features
featurePRODFEAT12130	boolean_search_features
featurePRODFEAT12372	boolean_search_features
featurePRODFEAT14550	boolean_search_features
featurePRODFEAT12371	boolean_search_features
featurePRODFEAT12125	boolean_search_features
featurePRODFEAT14545	boolean_search_features
featurePRODFEAT12126	boolean_search_features
featurePRODFEAT12123	boolean_search_features
featurePRODFEAT15875	boolean_search_features
featurePRODFEAT14543	boolean_search_features
featurePRODFEAT11036	boolean_search_features
featurePRODFEAT11278	boolean_search_features
featurePRODFEAT15631	boolean_search_features
featurePRODFEAT12121	boolean_search_features
featurePRODFEAT15630	boolean_search_features
featurePRODFEAT12122	boolean_search_features
featurePRODFEAT14540	boolean_search_features
featurePRODFEAT11068	boolean_search_features
featurePRODFEAT11069	boolean_search_features
featurePRODFEAT13246	boolean_search_features
featurePRODFEAT15664	boolean_search_features
featurePRODFEAT12397	boolean_search_features
featurePRODFEAT11063	boolean_search_features
featurePRODFEAT15421	boolean_search_features
featurePRODFEAT15663	boolean_search_features
featurePRODFEAT11066	boolean_search_features
featurePRODFEAT15420	boolean_search_features
featurePRODFEAT11065	boolean_search_features
featurePRODFEAT12395	boolean_search_features
featurePRODFEAT12150	boolean_search_features
featurePRODFEAT13240	boolean_search_features
featurePRODFEAT11062	boolean_search_features
featurePRODFEAT14329	boolean_search_features
featurePRODFEAT15418	boolean_search_features
featurePRODFEAT12149	boolean_search_features
featurePRODFEAT15417	boolean_search_features
featurePRODFEAT15416	boolean_search_features
featurePRODFEAT12147	boolean_search_features
featurePRODFEAT11299	boolean_search_features
featurePRODFEAT15656	boolean_search_features
featurePRODFEAT12145	boolean_search_features
featurePRODFEAT15655	boolean_search_features
featurePRODFEAT12146	boolean_search_features
featurePRODFEAT15654	boolean_search_features
featurePRODFEAT11294	boolean_search_features
featurePRODFEAT14563	boolean_search_features
featurePRODFEAT15652	boolean_search_features
featurePRODFEAT14562	boolean_search_features
featurePRODFEAT11054	boolean_search_features
featurePRODFEAT11296	boolean_search_features
featurePRODFEAT13231	boolean_search_features
featurePRODFEAT11291	boolean_search_features
featurePRODFEAT11292	boolean_search_features
featurePRODFEAT15209	boolean_search_features
featurePRODFEAT14117	boolean_search_features
featurePRODFEAT14116	boolean_search_features
featurePRODFEAT15205	boolean_search_features
featurePRODFEAT11089	boolean_search_features
featurePRODFEAT14593	boolean_search_features
featurePRODFEAT11081	boolean_search_features
featurePRODFEAT14589	boolean_search_features
featurePRODFEAT13256	boolean_search_features
featurePRODFEAT15434	boolean_search_features
featurePRODFEAT11075	boolean_search_features
featurePRODFEAT14343	boolean_search_features
featurePRODFEAT14585	boolean_search_features
featurePRODFEAT15674	boolean_search_features
featurePRODFEAT12166	boolean_search_features
featurePRODFEAT11074	boolean_search_features
featurePRODFEAT14100	boolean_search_features
featurePRODFEAT14584	boolean_search_features
featurePRODFEAT11077	boolean_search_features
featurePRODFEAT15672	boolean_search_features
featurePRODFEAT15671	boolean_search_features
featurePRODFEAT15229	boolean_search_features
featurePRODFEAT15227	boolean_search_features
featurePRODFEAT15226	boolean_search_features
featurePRODFEAT13288	boolean_search_features
featurePRODFEAT15221	boolean_search_features
featurePRODFEAT12191	boolean_search_features
featurePRODFEAT15219	boolean_search_features
featurePRODFEAT15218	boolean_search_features
featurePRODFEAT12189	boolean_search_features
featurePRODFEAT12187	boolean_search_features
featurePRODFEAT12188	boolean_search_features
featurePRODFEAT13275	boolean_search_features
featurePRODFEAT14363	boolean_search_features
featurePRODFEAT15210	boolean_search_features
featurePRODFEAT11093	boolean_search_features
featurePRODFEAT12184	boolean_search_features
featurePRODFEAT12181	boolean_search_features
featurePRODFEAT11091	boolean_search_features
featurePRODFEAT11090	boolean_search_features
featurePRODFEAT10118	boolean_search_features
featurePRODFEAT11207	boolean_search_features
featurePRODFEAT14959	boolean_search_features
featurePRODFEAT11209	boolean_search_features
featurePRODFEAT12539	boolean_search_features
featurePRODFEAT10357	boolean_search_features
featurePRODFEAT13868	boolean_search_features
featurePRODFEAT10598	boolean_search_features
featurePRODFEAT10359	boolean_search_features
featurePRODFEAT12534	boolean_search_features
featurePRODFEAT11205	boolean_search_features
featurePRODFEAT12532	boolean_search_features
featurePRODFEAT13863	boolean_search_features
featurePRODFEAT11684	boolean_search_features
featurePRODFEAT12533	boolean_search_features
featurePRODFEAT11441	boolean_search_features
featurePRODFEAT10113	boolean_search_features
featurePRODFEAT10597	boolean_search_features
featurePRODFEAT12530	boolean_search_features
featurePRODFEAT10112	boolean_search_features
featurePRODFEAT11685	boolean_search_features
featurePRODFEAT11680	boolean_search_features
featurePRODFEAT13860	boolean_search_features
featurePRODFEAT10593	boolean_search_features
featurePRODFEAT10592	boolean_search_features
featurePRODFEAT11439	boolean_search_features
featurePRODFEAT10348	boolean_search_features
featurePRODFEAT11679	boolean_search_features
featurePRODFEAT11678	boolean_search_features
featurePRODFEAT12521	boolean_search_features
featurePRODFEAT13852	boolean_search_features
featurePRODFEAT10100	boolean_search_features
featurePRODFEAT10584	boolean_search_features
featurePRODFEAT12522	boolean_search_features
featurePRODFEAT10341	boolean_search_features
featurePRODFEAT10583	boolean_search_features
featurePRODFEAT11430	boolean_search_features
featurePRODFEAT10102	boolean_search_features
featurePRODFEAT11675	boolean_search_features
featurePRODFEAT10101	boolean_search_features
featurePRODFEAT10343	boolean_search_features
featurePRODFEAT10340	boolean_search_features
featurePRODFEAT10582	boolean_search_features
featurePRODFEAT11225	boolean_search_features
featurePRODFEAT12314	boolean_search_features
featurePRODFEAT13887	boolean_search_features
featurePRODFEAT12557	boolean_search_features
featurePRODFEAT14976	boolean_search_features
featurePRODFEAT14975	boolean_search_features
featurePRODFEAT12313	boolean_search_features
featurePRODFEAT13886	boolean_search_features
featurePRODFEAT10132	boolean_search_features
featurePRODFEAT10374	boolean_search_features
featurePRODFEAT11224	boolean_search_features
featurePRODFEAT10376	boolean_search_features
featurePRODFEAT11223	boolean_search_features
featurePRODFEAT12311	boolean_search_features
featurePRODFEAT14972	boolean_search_features
featurePRODFEAT12550	boolean_search_features
featurePRODFEAT10371	boolean_search_features
featurePRODFEAT12551	boolean_search_features
featurePRODFEAT14970	boolean_search_features
featurePRODFEAT11219	boolean_search_features
featurePRODFEAT11218	boolean_search_features
featurePRODFEAT12547	boolean_search_features
featurePRODFEAT11215	boolean_search_features
featurePRODFEAT10367	boolean_search_features
featurePRODFEAT10369	boolean_search_features
featurePRODFEAT12546	boolean_search_features
featurePRODFEAT14965	boolean_search_features
featurePRODFEAT12543	boolean_search_features
featurePRODFEAT12785	boolean_search_features
featurePRODFEAT13874	boolean_search_features
featurePRODFEAT10364	boolean_search_features
featurePRODFEAT12544	boolean_search_features
featurePRODFEAT11694	boolean_search_features
featurePRODFEAT14963	boolean_search_features
featurePRODFEAT12541	boolean_search_features
featurePRODFEAT14962	boolean_search_features
featurePRODFEAT10365	boolean_search_features
featurePRODFEAT12542	boolean_search_features
featurePRODFEAT12784	boolean_search_features
featurePRODFEAT14960	boolean_search_features
featurePRODFEAT14516	boolean_search_features
featurePRODFEAT11005	boolean_search_features
featurePRODFEAT11247	boolean_search_features
featurePRODFEAT14999	boolean_search_features
featurePRODFEAT15604	boolean_search_features
featurePRODFEAT15603	boolean_search_features
featurePRODFEAT11007	boolean_search_features
featurePRODFEAT11249	boolean_search_features
featurePRODFEAT10397	boolean_search_features
featurePRODFEAT11244	boolean_search_features
featurePRODFEAT11243	boolean_search_features
featurePRODFEAT11485	boolean_search_features
featurePRODFEAT14511	boolean_search_features
featurePRODFEAT10399	boolean_search_features
featurePRODFEAT11245	boolean_search_features
featurePRODFEAT12330	boolean_search_features
featurePRODFEAT10151	boolean_search_features
featurePRODFEAT10393	boolean_search_features
featurePRODFEAT11482	boolean_search_features
featurePRODFEAT12331	boolean_search_features
featurePRODFEAT10150	boolean_search_features
featurePRODFEAT10392	boolean_search_features
featurePRODFEAT10153	boolean_search_features
featurePRODFEAT11242	boolean_search_features
featurePRODFEAT11484	boolean_search_features
featurePRODFEAT10152	boolean_search_features
featurePRODFEAT10394	boolean_search_features
featurePRODFEAT14508	boolean_search_features
featurePRODFEAT13418	boolean_search_features
featurePRODFEAT10148	boolean_search_features
featurePRODFEAT13659	boolean_search_features
featurePRODFEAT10147	boolean_search_features
featurePRODFEAT11239	boolean_search_features
featurePRODFEAT13656	boolean_search_features
featurePRODFEAT13657	boolean_search_features
featurePRODFEAT10145	boolean_search_features
featurePRODFEAT12322	boolean_search_features
featurePRODFEAT10140	boolean_search_features
featurePRODFEAT14981	boolean_search_features
featurePRODFEAT12562	boolean_search_features
featurePRODFEAT10381	boolean_search_features
featurePRODFEAT10142	boolean_search_features
featurePRODFEAT13890	boolean_search_features
featurePRODFEAT10141	boolean_search_features
featurePRODFEAT11230	boolean_search_features
featurePRODFEAT13891	boolean_search_features
featurePRODFEAT10380	boolean_search_features
featurePRODFEAT15629	boolean_search_features
featurePRODFEAT14539	boolean_search_features
featurePRODFEAT15628	boolean_search_features
featurePRODFEAT12119	boolean_search_features
featurePRODFEAT14538	boolean_search_features
featurePRODFEAT12117	boolean_search_features
featurePRODFEAT13206	boolean_search_features
featurePRODFEAT14536	boolean_search_features
featurePRODFEAT12356	boolean_search_features
featurePRODFEAT11266	boolean_search_features
featurePRODFEAT12357	boolean_search_features
featurePRODFEAT11268	boolean_search_features
featurePRODFEAT12354	boolean_search_features
featurePRODFEAT12352	boolean_search_features
featurePRODFEAT11020	boolean_search_features
featurePRODFEAT11261	boolean_search_features
featurePRODFEAT11264	boolean_search_features
featurePRODFEAT11021	boolean_search_features
featurePRODFEAT11263	boolean_search_features
featurePRODFEAT12351	boolean_search_features
featurePRODFEAT11260	boolean_search_features
featurePRODFEAT15618	boolean_search_features
featurePRODFEAT12107	boolean_search_features
featurePRODFEAT14528	boolean_search_features
featurePRODFEAT14527	boolean_search_features
featurePRODFEAT14526	boolean_search_features
featurePRODFEAT13437	boolean_search_features
featurePRODFEAT12345	boolean_search_features
featurePRODFEAT90009	boolean_search_features
featurePRODFEAT11496	boolean_search_features
featurePRODFEAT11257	boolean_search_features
featurePRODFEAT15611	boolean_search_features
featurePRODFEAT11498	boolean_search_features
featurePRODFEAT12341	boolean_search_features
featurePRODFEAT11251	boolean_search_features
featurePRODFEAT12100	boolean_search_features
featurePRODFEAT11253	boolean_search_features
featurePRODFEAT11495	boolean_search_features
featurePRODFEAT90007	boolean_search_features
featurePRODFEAT11252	boolean_search_features
featurePRODFEAT11494	boolean_search_features
featurePRODFEAT13671	boolean_search_features
featurePRODFEAT11609	7
featurePRODFEAT10999	98
featurePRODFEAT13905	5
featurePRODFEAT10877	6
featurePRODFEAT11968	4
advertising	35
featurePRODFEAT10997	99
featurePRODFEAT12138	225
featurePRODFEAT12931	7
featurePRODFEAT11046	43
featurePRODFEAT10990	7
featurePRODFEAT10195	46
featurePRODFEAT10197	44
featurePRODFEAT13462	45
featurePRODFEAT11281	47
featurePRODFEAT10988	102
featurePRODFEAT10987	234
featurePRODFEAT11831	103
featurePRODFEAT12128	48
tags	212
featurePRODFEAT12367	49
featurePRODFEAT12005	145
featurePRODFEAT10982	215
featurePRODFEAT11399	144
featurePRODFEAT15873	228
featurePRODFEAT11030	50
featurePRODFEAT13574	146
featurePRODFEAT15872	229
featurePRODFEAT10060	147
featurePRODFEAT16042	237
featurePRODFEAT10653	189
featurePRODFEAT16518	236
featurePRODFEAT15305	140
featurePRODFEAT11067	21
featurePRODFEAT10770	84
featurePRODFEAT13366	128
featurePRODFEAT12396	23
featurePRODFEAT11184	129
featurePRODFEAT12392	24
genre	101
featurePRODFEAT12030	130
featurePRODFEAT13480	25
featurePRODFEAT10405	191
featurePRODFEAT10649	190
featurePRODFEAT12704	85
featurePRODFEAT10401	211
featurePRODFEAT10524	86
featurePRODFEAT12268	7
featurePRODFEAT13479	27
featurePRODFEAT10088	132
featurePRODFEAT11850	87
featurePRODFEAT11971	192
featurePRODFEAT14443	136
featurePRODFEAT14564	209
featurePRODFEAT12384	29
featurePRODFEAT15771	222
featurePRODFEAT12140	226
featurePRODFEAT10679	195
featurePRODFEAT12856	196
featurePRODFEAT10436	197
featurePRODFEAT10556	89
featurePRODFEAT12854	53
featurePRODFEAT11882	90
featurePRODFEAT10672	199
featurePRODFEAT11520	198
featurePRODFEAT13021	30
featurePRODFEAT14110	28
featurePRODFEAT12051	137
featurePRODFEAT90074	138
featurePRODFEAT10301	91
featurePRODFEAT11753	201
featurePRODFEAT12721	92
featurePRODFEAT11514	200
featurePRODFEAT15558	131
featurePRODFEAT13138	7
featurePRODFEAT12841	55
featurePRODFEAT10300	93
featurePRODFEAT12045	43
featurePRODFEAT12163	32
featurePRODFEAT13495	31
featurePRODFEAT12285	139
featurePRODFEAT14581	22
featurePRODFEAT11549	164
featurePRODFEAT10219	163
featurePRODFEAT11424	63
title	110
featurePRODFEAT14933	83
featurePRODFEAT11305	167
featurePRODFEAT11789	168
featurePRODFEAT11546	165
featurePRODFEAT11788	166
featurePRODFEAT11541	58
featurePRODFEAT11783	169
featurePRODFEAT12511	64
featurePRODFEAT12198	17
featurePRODFEAT11660	65
featurePRODFEAT10450	170
featurePRODFEAT90083	121
featurePRODFEAT14929	78
featurePRODFEAT10449	174
featurePRODFEAT11538	175
featurePRODFEAT10569	66
featurePRODFEAT11537	172
featurePRODFEAT13839	210
featurePRODFEAT12869	173
featurePRODFEAT12745	68
featurePRODFEAT12624	202
featurePRODFEAT10323	69
featurePRODFEAT10326	67
featurePRODFEAT12744	70
featurePRODFEAT12863	232
featurePRODFEAT11894	71
featurePRODFEAT12069	111
featurePRODFEAT15335	120
featurePRODFEAT10563	208
group_id	15
featurePRODFEAT15574	118
featurePRODFEAT14484	117
featurePRODFEAT10914	116
featurePRODFEAT10917	107
featurePRODFEAT10912	107
type	7
featurePRODFEAT13988	176
featurePRODFEAT15802	205
featurePRODFEAT10479	151
featurePRODFEAT14953	75
featurePRODFEAT14952	74
featurePRODFEAT13501	177
featurePRODFEAT10473	178
featurePRODFEAT11320	159
featurePRODFEAT14951	73
featurePRODFEAT13861	76
featurePRODFEAT15127	114
featurePRODFEAT14950	72
featurePRODFEAT15125	112
featurePRODFEAT90038	119
featurePRODFEAT10470	180
featurePRODFEAT10351	77
featurePRODFEAT11560	179
featurePRODFEAT15000	19
featurePRODFEAT13061	20
featurePRODFEAT90036	121
featurePRODFEAT90035	122
featurePRODFEAT10908	125
featurePRODFEAT10907	124
featurePRODFEAT10909	123
featurePRODFEAT10229	181
featurePRODFEAT14827	171
featurePRODFEAT15916	203
featurePRODFEAT10109	79
featurePRODFEAT13614	81
featurePRODFEAT10467	183
featurePRODFEAT11437	80
featurePRODFEAT10469	182
featurePRODFEAT13733	184
featurePRODFEAT12884	185
featurePRODFEAT11793	186
featurePRODFEAT15237	18
featurePRODFEAT11433	82
featurePRODFEAT10585	62
featurePRODFEAT11790	188
featurePRODFEAT13175	126
featurePRODFEAT11791	187
featurePRODFEAT13172	127
featurePRODFEAT10816	10
featurePRODFEAT11905	11
featurePRODFEAT10936	104
featurePRODFEAT10817	16
featurePRODFEAT10812	12
featurePRODFEAT12439	148
featurePRODFEAT13646	7
featurePRODFEAT10259	149
featurePRODFEAT12312	207
featurePRODFEAT10134	52
featurePRODFEAT12793	53
featurePRODFEAT16114	221
featurePRODFEAT16112	220
featurePRODFEAT16111	219
featurePRODFEAT16110	218
featurePRODFEAT90057	98
featurePRODFEAT90054	61
featurePRODFEAT10129	55
featurePRODFEAT10128	56
featurePRODFEAT12787	57
featurePRODFEAT11695	59
featurePRODFEAT13511	150
featurePRODFEAT11452	58
featurePRODFEAT16104	217
featurePRODFEAT10480	151
featurePRODFEAT90045	134
featurePRODFEAT90044	135
featurePRODFEAT90047	133
featurePRODFEAT15371	109
featurePRODFEAT10958	108
featurePRODFEAT10714	231
featurePRODFEAT15969	227
featurePRODFEAT10832	14
featurePRODFEAT14878	152
featurePRODFEAT13546	216
featurePRODFEAT10831	13
featurePRODFEAT13789	153
featurePRODFEAT13423	60
featurePRODFEAT12455	133
featurePRODFEAT11367	154
featurePRODFEAT12454	155
featurePRODFEAT13543	204
featurePRODFEAT16137	213
featurePRODFEAT11000	61
pegi	26
featurePRODFEAT12448	156
featurePRODFEAT10268	157
featurePRODFEAT14988	54
featurePRODFEAT13536	7
featurePRODFEAT11595	158
featurePRODFEAT11111	233
featurePRODFEAT13532	159
webcode	193
featurePRODFEAT13650	7
featurePRODFEAT14068	106
featurePRODFEAT11592	162
featurePRODFEAT10260	160
featurePRODFEAT11591	161
featurePRODFEAT10383	62
publisher	194
featurePRODFEAT15390	105
featurePRODFEAT11707	1
featurePRODFEAT11706	0
newarticle	88
featurePRODFEAT10977	235
featurePRODFEAT10976	94
featurePRODFEAT10612	2
featurePRODFEAT11029	34
featurePRODFEAT14535	51
featurePRODFEAT11386	141
featurePRODFEAT13686	36
featurePRODFEAT12111	37
featurePRODFEAT11382	7
featurePRODFEAT11142	142
featurePRODFEAT16155	43
featurePRODFEAT15065	9
featurePRODFEAT15062	8
featurePRODFEAT10845	3
featurePRODFEAT10961	97
featurePRODFEAT10964	96
featurePRODFEAT12106	38
featurePRODFEAT10963	95
featurePRODFEAT10166	39
featurePRODFEAT15855	14
featurePRODFEAT15854	206
featurePRODFEAT13432	40
featurePRODFEAT15972	230
featurePRODFEAT11492	42
featurePRODFEAT11011	41
featurePRODFEAT15295	7
categoryname	33
featurePRODFEAT90003	113
featurePRODFEAT10281	143
featurePRODFEAT16142	214
featurePRODFEAT15294	7
featurePRODFEAT90002	115
featurePRODFEAT15171	224
featurePRODFEAT15170	223
featurePRODFEAT14081	100
